"allele";"beta";"standard_error";"odds_ratio";"lower_ci";"upper_ci";"p_value";"num_cases";"num_controls";"c_cases";"c_controls";"homo_cases";"homo_controls";"het_cases";"het_controls";"count_cases";"count_controls";"freq_cases";"freq_controls";"freq_total";"association";"snp_easy"
"chr6:32064966:G:A_A";-0,0230309686055091;0,0887451843790222;0,977232219785557;0,821214012952328;1,16289151953675;0,795235631760098;2391;443;1446;278;321;54;1125;224;1767;332;0,369510664993726;0,374717832957111;0,370324629498941;"cent_ad";"Hap-1"
"chr6:32064966:G:A_A";-0,0140772079880014;0,0872426016532001;0,986021412594521;0,831043858759937;1,16990001892998;0,871812200136304;3219;443;1946;278;459;54;1487;224;2405;332;0,373563218390805;0,374717832957111;0,373702894593119;"cent_ctrl";"Hap-1"
"chr6:32064966:G:A_A";-0,0145853889132331;0,0460396421599291;0,985520462618162;0,900483815296344;1,07858749456755;0,751394865178339;2391;3219;1446;1946;321;459;1125;1487;1767;2405;0,369510664993726;0,373563218390805;0,371836007130125;"ctrl_ad";"Hap-1"
"chr6:32411770:C:T_T";0,0805178278224644;0,0490144742557742;1,08384816912275;0,984569743647013;1,19313726761433;0,100437624176366;2391;3219;899;1145;129;126;770;1019;1028;1271;0,214972814721874;0,197421559490525;0,204901960784314;"ctrl_ad";NA
"chr6:32411770:C:T_T";0,188001778187776;0,0987423997218909;1,20683566132812;0,994481955379871;1,46453367562304;0,056915131615703;3219;443;1145;135;126;15;1019;120;1271;150;0,197421559490525;0,169300225733634;0,19401966138722;"cent_ctrl";NA
"chr6:32411770:C:T_T";0,266459196754402;0,0988063643459045;1,30533432637159;1,07551403849717;1,58426356385348;0,00700131481899605;2391;443;899;135;129;15;770;120;1028;150;0,214972814721874;0,169300225733634;0,207833450952717;"cent_ad";NA
"chr6:32447376:C:T_T";0,320084676638222;0,10825298276764;1,37724437982268;1,11394618274413;1,70277712795829;0,00310828655060833;2391;443;808;118;89;7;719;111;897;125;0,187578419071518;0,141083521444695;0,180310515172901;"cent_ad";"Hap-R"
"chr6:32447376:C:T_T";0,20881420335365;0,107232220255032;1,23221603565364;0,998639977324011;1,52042416987013;0,051497772144295;3219;443;994;118;89;7;905;111;1083;125;0,168219944082013;0,141083521444695;0,164937192790825;"cent_ctrl";"Hap-R"
"chr6:32447376:C:T_T";0,112402255094946;0,0526890001270506;1,11896287864695;1,00917363707446;1,24069622688477;0,0328988621959211;2391;3219;808;994;89;89;719;905;897;1083;0,187578419071518;0,168219944082013;0,176470588235294;"ctrl_ad";"Hap-R"
"chr6:32464090:G:T_G";0,0938739583012223;0,0449115300397472;1,09842129030636;1,00586448859997;1,19949490679169;0,0366000810410407;2391;3219;1693;2201;488;622;1205;1579;2181;2823;0,456085319949812;0,438490214352283;0,445989304812834;"ctrl_ad";NA
"chr6:32464090:G:T_G";0,0862459517117362;0,085047883818684;1,09007440100215;0,922702974627885;1,28780575374152;0,310541249856724;3219;443;2201;293;622;69;1579;224;2823;362;0,438490214352283;0,408577878103837;0,434871654833424;"cent_ctrl";NA
"chr6:32464090:G:T_G";0,174572560357992;0,0862186727398095;1,19073713956359;1,00559958116172;1,40995975147296;0,0428914893351329;2391;443;1693;293;488;69;1205;224;2181;362;0,456085319949812;0,408577878103837;0,448659139026111;"cent_ad";NA
"chr6:32592593:G:T_T";-0,24279392339428;0,111623955310585;0,784433150437273;0,630288974044267;0,976274999000265;0,0296221816988529;2391;443;580;134;49;6;531;128;629;140;0,131534922626516;0,158013544018059;0,135673959068454;"cent_ad";"Hap-B"
"chr6:32592593:G:T_T";-0,207791583763501;0,0596093251848563;0,812376331487066;0,722797729788688;0,913056691743238;0,000490501634697193;2391;3219;580;937;49;78;531;859;629;1015;0,131534922626516;0,157657657657658;0,146524064171123;"ctrl_ad";"Hap-B"
"chr6:32592593:G:T_T";-0,02525263235066;0,108582123140404;0,975063548313667;0,788144686471185;1,20631267274908;0,816097556764795;3219;443;937;134;78;6;859;128;1015;140;0,157657657657658;0,158013544018059;0,157700709994539;"cent_ctrl";"Hap-B"
"chr6:32605638:A:G_G";-0,195941056203285;0,0594656555347217;0,822060688628261;0,731620208105633;0,923681123485861;0,000984115426845315;2391;3219;581;932;50;78;531;854;631;1010;0,131953157674613;0,156881018949984;0,146256684491979;"ctrl_ad";NA
"chr6:32605638:A:G_G";-0,0322244055830414;0,108433500280671;0,968289268179105;0,782897055467836;1,19758287545296;0,766328118824717;3219;443;932;134;78;6;854;128;1010;140;0,156881018949984;0,158013544018059;0,157018022938285;"cent_ctrl";NA
"chr6:32605638:A:G_G";-0,238648707392336;0,111282538515126;0,787691543991776;0,633330749093969;0,979674473983401;0,0319904694366453;2391;443;581;134;50;6;531;128;631;140;0,131953157674613;0,158013544018059;0,136026817219478;"cent_ad";NA
"chr6:32607629:A:T_A";0,0736874274481942;0,0539346642510348;1,07647027784262;0,968482839931263;1,19649849362412;0,171865206909747;2391;3219;1175;1540;204;243;971;1297;1379;1783;0,288373065662903;0,27694936315626;0,281818181818182;"ctrl_ad";NA
"chr6:32607629:A:T_A";0,18493809067839;0,107150735015853;1,2031439519961;0,975234474770358;1,48431521513393;0,0843542597962186;3219;443;1540;189;243;25;1297;164;1783;214;0,27694936315626;0,241534988713318;0,272665210267613;"cent_ctrl";NA
"chr6:32607629:A:T_A";0,240497260618684;0,105734972525725;1,27188144965615;1,03381590067801;1,56476837018901;0,0229341999173926;2391;443;1175;189;204;25;971;164;1379;214;0,288373065662903;0,241534988713318;0,281051517290049;"cent_ad";NA
"chr6:32609869:A:G_A";-0,0948435501561079;0,130710860772164;0,909515216851607;0,703957821493963;1,17509587141041;0,468085195929419;2391;443;660;121;58;12;602;109;718;133;0,150146382266834;0,150112866817156;0,150141143260409;"cent_ad";"Hap-Y"
"chr6:32609869:A:G_A";-0,0897979158904568;0,0709621743545287;0,9141158949038;0,795420973847612;1,05052280086829;0,205715956422344;2391;3219;660;947;58;83;602;864;718;1030;0,150146382266834;0,159987573780677;0,155793226381462;"ctrl_ad";"Hap-Y"
"chr6:32609869:A:G_A";-0,0104243518368138;0,136860411480988;0,989629793412427;0,756789028677969;1,29410851756186;0,93928562693848;3219;443;947;121;83;12;864;109;1030;133;0,159987573780677;0,150112866817156;0,158793009284544;"cent_ctrl";"Hap-Y"
"chr6:32610753:C:A_C";0,0736874274481942;0,0539346642510348;1,07647027784262;0,968482839931263;1,19649849362412;0,171865206909747;2391;3219;1175;1540;204;243;971;1297;1379;1783;0,288373065662903;0,27694936315626;0,281818181818182;"ctrl_ad";NA
"chr6:32610753:C:A_C";0,18493809067839;0,107150735015853;1,2031439519961;0,975234474770358;1,48431521513393;0,0843542597962186;3219;443;1540;189;243;25;1297;164;1783;214;0,27694936315626;0,241534988713318;0,272665210267613;"cent_ctrl";NA
"chr6:32610753:C:A_C";0,240497260618684;0,105734972525725;1,27188144965615;1,03381590067801;1,56476837018901;0,0229341999173926;2391;443;1175;189;204;25;971;164;1379;214;0,288373065662903;0,241534988713318;0,281051517290049;"cent_ad";NA
"chr6:32615322:A:G_G";-0,192862783054582;0,0592678332759857;0,824595114799382;0,734160406868549;0,926169672171863;0,0011375677833367;2391;3219;587;937;50;80;537;857;637;1017;0,133207862818904;0,157968313140727;0,147415329768271;"ctrl_ad";NA
"chr6:32615322:A:G_G";-0,0216969575753366;0,108245632587647;0,978536728266686;0,791473882683247;1,20981140315161;0,841135012285684;3219;443;937;134;80;6;857;128;1017;140;0,157968313140727;0,158013544018059;0,15797378481704;"cent_ctrl";NA
"chr6:32615322:A:G_G";-0,225452332261333;0,111247131949536;0,798155105790115;0,641788344648129;0,992619417618285;0,0427043535374853;2391;443;587;134;50;6;537;128;637;140;0,133207862818904;0,158013544018059;0,137085391672548;"cent_ad";NA
"chr6:32622991:C:A_A";0,009107741209653;0,0571899548467541;1,00914934288781;0,902140893146502;1,12885071942474;0,873468593587047;2391;3219;568;782;50;62;518;720;618;844;0,129234629861982;0,131096613855235;0,13030303030303;"ctrl_ad";NA
"chr6:32622991:C:A_A";-0,0495600060421509;0,105904301990712;0,951648051790008;0,773265797251371;1,17118074754484;0,639806247152943;3219;443;782;111;62;9;720;102;844;120;0,131096613855235;0,135440180586907;0,131622064445658;"cent_ctrl";NA
"chr6:32622991:C:A_A";-0,043710372819371;0,107893276702475;0,957231157490133;0,774776099565313;1,1826532715503;0,685384887625081;2391;443;568;111;50;9;518;102;618;120;0,129234629861982;0,135440180586907;0,130204657727594;"cent_ad";NA
"chr6:32684419:T:C_C";-0,201790370383396;0,0697499872751533;0,81726623319341;0,71283853314398;0,936992130563229;0,00381517601662111;2391;3219;394;652;19;35;375;617;413;687;0,0863655374320368;0,106710158434296;0,0980392156862745;"ctrl_ad";NA
"chr6:32684419:T:C_C";-0,0731283245466068;0,123773090668903;0,929481547074383;0,729261002989978;1,18467317299244;0,554637204588166;3219;443;652;97;35;1;617;96;687;98;0,106710158434296;0,110609480812641;0,107181867831786;"cent_ctrl";NA
"chr6:32684419:T:C_C";-0,275768516404777;0,128810698731292;0,758988603838489;0,589643309001126;0,97696979167383;0,0322835487404927;2391;443;394;97;19;1;375;96;413;98;0,0863655374320368;0,110609480812641;0,0901552575864503;"cent_ad";NA
"chr6:32707290:T:C_C";0,0366031748703185;0,0839871067475454;1,03728131986264;0,879843213065199;1,22289121579694;0,662968074779662;3219;443;2121;285;574;79;1547;206;2695;364;0,41860826343585;0,410835214446953;0,417667941015838;"cent_ctrl";"Hap-5"
"chr6:32707290:T:C_C";0,153797612687409;0,0449084867814517;1,16625482771119;1,06798850630754;1,27356269765696;0,000615502955105928;2391;3219;1652;2121;500;574;1152;1547;2152;2695;0,450020911752405;0,41860826343585;0,431996434937611;"ctrl_ad";"Hap-5"
"chr6:32707290:T:C_C";0,188304405275336;0,0851019740562956;1,20720093775795;1,02173742505554;1,42632937620393;0,0269189293936093;2391;443;1652;285;500;79;1152;206;2152;364;0,450020911752405;0,410835214446953;0,443895553987297;"cent_ad";"Hap-5"
"chr6:32772190:A:T_A";0,0211218896164339;0,0941916924120593;1,02134653558819;0,849171740488463;1,22843082973765;0,822567714519331;2391;443;1854;348;359;64;1495;284;2213;412;0,462777080719364;0,465011286681716;0,463126323218066;"cent_ad";"Hap-6"
"chr6:32772190:A:T_A";0,0136905855821282;0,0488789411534479;1,01378473079266;0,921168653900094;1,11571260706383;0,779407154591055;2391;3219;1854;2496;359;505;1495;1991;2213;3001;0,462777080719364;0,466138552345449;0,464705882352941;"ctrl_ad";"Hap-6"
"chr6:32772190:A:T_A";0,0104871478524648;0,0916899376179414;1,01054233072244;0,844318800598765;1,20949077701189;0,908939569361696;3219;443;2496;348;505;64;1991;284;3001;412;0,466138552345449;0,465011286681716;0,46600218459858;"cent_ctrl";"Hap-6"
"DQA1*01";0,0638123455202142;0,0442876826461937;1,06589236051664;0,977270778356717;1,16255038968639;0,149624269801384;2376;3197;1670;2220;506;640;1164;1580;2176;2860;0,457912457912458;0,44729433844229;0,451821281177104;"ctrl_ad";NA
"DQA1*01";0,0974536054536076;0,0849865214676109;1,10236029687098;0,93321470941212;1,3021635984317;0,251507764709571;3197;442;2220;297;640;69;1580;228;2860;366;0,44729433844229;0,414027149321267;0,443253641110195;"cent_ctrl";NA
"DQA1*01";0,149335247690308;0,0848794682171317;1,16106216737982;0,983115655593004;1,37121746444733;0,078512968837369;2376;442;1670;297;506;69;1164;228;2176;366;0,457912457912458;0,414027149321267;0,451029098651526;"cent_ad";NA
"DQA1*01:01";0,153620345488266;0,0625281164381929;1,16604810730731;1,03155279737923;1,31807910560598;0,0140172785440582;2376;3197;602;698;45;45;557;653;647;743;0,136153198653199;0,116202690021896;0,124708415575094;"ctrl_ad";NA
"DQA1*01:01";0,258758595027908;0,131002288768013;1,29532107013493;1,00199609860028;1,67451417932598;0,0482429670979648;3197;442;698;79;45;2;653;77;743;81;0,116202690021896;0,0916289592760181;0,113217917010168;"cent_ctrl";NA
"DQA1*01:01";0,414937773257075;0,133345250026809;1,51427650926516;1,1660023264944;1,96657699080782;0,00185978658599643;2376;442;602;79;45;2;557;77;647;81;0,136153198653199;0,0916289592760181;0,1291696238467;"cent_ad";NA
"DQA1*01:02";-0,065677653417545;0,0601378611386641;0,936432671517104;0,832312039290561;1,0535785941918;0,27478114519198;2376;3197;864;1221;101;162;763;1059;965;1383;0,203072390572391;0,216296527994995;0,210658532208864;"ctrl_ad";NA
"DQA1*01:02";-0,0466259874364219;0,113226456010885;0,954444305003589;0,764487318881354;1,19160110162032;0,6804903404705;3197;442;1221;164;162;21;1059;143;1383;185;0,216296527994995;0,209276018099548;0,215443803242649;"cent_ctrl";NA
"DQA1*01:02";-0,111684332153447;0,111509267039257;0,894326523074584;0,718749418761618;1,11279384580615;0,316551335438916;2376;442;864;164;101;21;763;143;965;185;0,203072390572391;0,209276018099548;0,204045422285309;"cent_ad";NA
"DQA1*01:03";0,0148546602787584;0,0729008948484857;1,0149655390868;0,879826021739579;1,17086221602874;0,83853704373875;2376;3197;356;474;13;16;343;458;369;490;0,0776515151515152;0,0766343446981545;0,0770680064597165;"ctrl_ad";NA
"DQA1*01:03";-0,0225833338205235;0,136626105992822;0,977669760842134;0,747986386105911;1,27788176231562;0,868713397707907;3197;442;474;68;16;1;458;67;490;69;0,0766343446981545;0,0780542986425339;0,0768068150590822;"cent_ctrl";NA
"DQA1*01:03";-0,00894151000721448;0,139275463683216;0,991098346412735;0,754332958573379;1,30217819743654;0,948810833105884;2376;442;356;68;13;1;343;67;369;69;0,0776515151515152;0,0780542986425339;0,0777146912704045;"cent_ad";NA
"DQA1*01:04";0,123387656427139;0,112328485692871;1,13132290054585;0,907759162109326;1,40994611646269;0,272006363564359;2376;3197;145;169;2;7;143;162;147;176;0,0309343434343434;0,0275258054426024;0,0289790059214068;"ctrl_ad";NA
"DQA1*01:04";-0,0268777271786214;0,212759507425606;0,973480264426043;0,641538319988194;1,477174154218;0,89947138477635;3197;442;169;25;7;0;162;25;176;25;0,0275258054426024;0,0282805429864253;0,0276174773289365;"cent_ctrl";NA
"DQA1*01:04";0,0897012793681293;0,221356283823429;1,09384748008573;0,708817608770893;1,68802565693121;0,685304894101054;2376;442;145;25;2;0;143;25;147;25;0,0309343434343434;0,0282805429864253;0,0305180979418027;"cent_ad";NA
"DQA1*01:05";-0,0337274184000551;0,187751263574588;0,966835010156448;0,669168156784105;1,39691335785693;0,85743611408207;2376;3197;48;66;0;2;48;64;48;68;0,0101010101010101;0,0106349702846419;0,0104073210120223;"ctrl_ad";NA
"DQA1*01:05";0,424699720736734;0,421223777758059;1,52913118433194;0,669717777018657;3,49138436985413;0,313333494984095;3197;442;66;6;2;0;64;6;68;6;0,0106349702846419;0,00678733031674208;0,0101676284693597;"cent_ctrl";NA
"DQA1*01:05";0,439070877395014;0,437341856396312;1,55126523313003;0,658283781903979;3,65560247672787;0,315401038431436;2376;442;48;6;0;0;48;6;48;6;0,0101010101010101;0,00678733031674208;0,00958126330731015;"cent_ad";NA
"DQA1*02";0,0619512452659356;0,0634086453585245;1,06391047279137;0,939573058822596;1,20470194785447;0,32856135456914;2376;3197;475;604;22;40;453;564;497;644;0,104587542087542;0,100719424460432;0,102368562713081;"ctrl_ad";NA
"DQA1*02";-0,0605540912306137;0,115183524926365;0,941242854657093;0,751026906657908;1,17963564765673;0,599083920950591;3197;442;604;90;40;6;564;84;644;96;0,100719424460432;0,108597285067873;0,101676284693597;"cent_ctrl";NA
"DQA1*02";0,0128617079633827;0,120286064160939;1,01294477547725;0,800195682746155;1,28225775306034;0,914847684656522;2376;442;475;90;22;6;453;84;497;96;0,104587542087542;0,108597285067873;0,105216465578424;"cent_ad";NA
"DQA1*02:01";0,0619512452659356;0,0634086453585245;1,06391047279137;0,939573058822596;1,20470194785447;0,32856135456914;2376;3197;475;604;22;40;453;564;497;644;0,104587542087542;0,100719424460432;0,102368562713081;"ctrl_ad";NA
"DQA1*02:01";-0,0605540912306137;0,115183524926365;0,941242854657093;0,751026906657908;1,17963564765673;0,599083920950591;3197;442;604;90;40;6;564;84;644;96;0,100719424460432;0,108597285067873;0,101676284693597;"cent_ctrl";NA
"DQA1*02:01";0,0128617079633827;0,120286064160939;1,01294477547725;0,800195682746155;1,28225775306034;0,914847684656522;2376;442;475;90;22;6;453;84;497;96;0,104587542087542;0,108597285067873;0,105216465578424;"cent_ad";NA
"DQA1*03";-0,146150846769829;0,0575106396913438;0,864027357617846;0,771922053854249;0,967122614238764;0,0110446285298678;2376;3197;645;989;58;92;587;897;703;1081;0,14793771043771;0,169064748201439;0,160057419702135;"ctrl_ad";NA
"DQA1*03";-0,0347140382006475;0,105614842246467;0,965881582004409;0,78527670803141;1,18802356024805;0,742393623051716;3197;442;989;142;92;9;897;133;1081;151;0,169064748201439;0,170814479638009;0,169277273976367;"cent_ctrl";NA
"DQA1*03";-0,187806820866863;0,107868616525588;0,828774793765719;0,670836854614169;1,02389672549589;0,081671295070781;2376;442;645;142;58;9;587;133;703;151;0,14793771043771;0,170814479638009;0,15152590489709;"cent_ad";NA
"DQA1*03:01";-0,20007893466148;0,0713021019795103;0,818666129393702;0,711890583284712;0,941456801302317;0,00501492610087576;2376;3197;375;623;18;30;357;593;393;653;0,0827020202020202;0,102126994056928;0,0938453256773731;"ctrl_ad";NA
"DQA1*03:01";-0,00551875061236715;0,128427160019076;0,994496449716664;0,773185732579928;1,27915343859091;0,96572398625039;3197;442;623;88;30;1;593;87;653;89;0,102126994056928;0,100678733031674;0,101951085463039;"cent_ctrl";NA
"DQA1*03:01";-0,20345579229924;0,132799366145808;0,815906272865773;0,628925450517942;1,05847687600094;0,125509124286988;2376;442;375;88;18;1;357;87;393;89;0,0827020202020202;0,100678733031674;0,0855216465578424;"cent_ad";NA
"DQA1*03:02";0,298597984165484;0,167293856776016;1,34796761020753;0,971127049654746;1,8710390971136;0,0742822137361641;2376;3197;71;74;1;0;70;74;72;74;0,0151515151515152;0,0115733500156397;0,0130988695496142;"ctrl_ad";NA
"DQA1*03:02";-0,077896513147794;0,328548135320799;0,925060153153582;0,485852179683524;1,76130996779708;0,812584524461726;3197;442;74;11;0;0;74;11;74;11;0,0115733500156397;0,0124434389140271;0,0116790327012916;"cent_ctrl";NA
"DQA1*03:02";0,224472404299602;0,325481624430912;1,25166217037718;0,661350329964194;2,36887791201091;0,49040658196081;2376;442;71;11;1;0;70;11;72;11;0,0151515151515152;0,0124434389140271;0,0147267565649397;"cent_ad";NA
"DQA1*03:03";-0,11988045474445;0,0893713371035253;0,88702647018519;0,74449564572312;1,05684427213133;0,179798812164484;2376;3197;231;346;7;8;224;338;238;354;0,0500841750841751;0,0553644041288708;0,053113224475148;"ctrl_ad";NA
"DQA1*03:03";-0,0535860468347389;0,160108682022121;0,947824380207024;0,692533225092883;1,2972244842034;0,737862375756044;3197;442;346;49;8;2;338;47;354;51;0,0553644041288708;0,0576923076923077;0,0556471558120363;"cent_ctrl";NA
"DQA1*03:03";-0,197901784621326;0,164900144993022;0,82045043003049;0,59386333086725;1,13349128183112;0,230088447183667;2376;442;231;49;7;2;224;47;238;51;0,0500841750841751;0,0576923076923077;0,051277501774308;"cent_ad";NA
"DQA1*04";-0,212928489904592;0,115347586920701;0,808213930605346;0,644674487402573;1,01323965875609;0,0648961777276178;2376;3197;123;202;3;2;120;200;126;204;0,0265151515151515;0,0319049108539256;0,0296070339135116;"ctrl_ad";NA
"DQA1*04";0,293994802276332;0,23412205099182;1,34177692946314;0,847991711283674;2,12309307329689;0,209212764359984;3197;442;202;21;2;0;200;21;204;21;0,0319049108539256;0,0237556561085973;0,0309150865622424;"cent_ctrl";NA
"DQA1*04";0,0945823654551783;0,23808880516409;1,09919969548782;0,689304822651998;1,75283841176679;0,691178197705436;2376;442;123;21;3;0;120;21;126;21;0,0265151515151515;0,0237556561085973;0,0260823278921221;"cent_ad";NA
"DQA1*04:01";-0,212928489904592;0,115347586920701;0,808213930605346;0,644674487402573;1,01323965875609;0,0648961777276178;2376;3197;123;202;3;2;120;200;126;204;0,0265151515151515;0,0319049108539256;0,0296070339135116;"ctrl_ad";NA
"DQA1*04:01";0,293994802276332;0,23412205099182;1,34177692946314;0,847991711283674;2,12309307329689;0,209212764359984;3197;442;202;21;2;0;200;21;204;21;0,0319049108539256;0,0237556561085973;0,0309150865622424;"cent_ctrl";NA
"DQA1*04:01";0,0945823654551783;0,23808880516409;1,09919969548782;0,689304822651998;1,75283841176679;0,691178197705436;2376;442;123;21;3;0;120;21;126;21;0,0265151515151515;0,0237556561085973;0,0260823278921221;"cent_ad";NA
"DQA1*05";0,0294238362980195;0,0519642885217651;1,02986099445889;0,930134416689042;1,14027999488855;0,571236167179114;2376;3197;1092;1398;146;196;946;1202;1238;1594;0,260521885521886;0,249296215201752;0,254082181948681;"ctrl_ad";NA
"DQA1*05";-0,0974950880416202;0,095206748778082;0,907106797215693;0,752691134220953;1,09320105438277;0,305818520165083;3197;442;1398;209;196;38;1202;171;1594;247;0,249296215201752;0,279411764705882;0,252954108271503;"cent_ctrl";NA
"DQA1*05";-0,0688543807270572;0,0975628901399795;0,933462600326837;0,770991719517874;1,13017092680817;0,480347630961339;2376;442;1092;209;146;38;946;171;1238;247;0,260521885521886;0,279411764705882;0,263484740951029;"cent_ad";NA
"DQA1*05:01";0,0191769142343745;0,0839329893974251;1,01936197230891;0,864735373898089;1,20163793682385;0,819273984164576;2376;3197;657;829;42;59;615;770;699;888;0,14709595959596;0,138880200187676;0,142382917638615;"ctrl_ad";NA
"DQA1*05:01";0,0129798903180242;0,158855189216178;1,01306449475016;0,742022078738129;1,38311203929228;0,934878163066812;3197;442;829;130;59;6;770;124;888;136;0,138880200187676;0,153846153846154;0,140697993954383;"cent_ctrl";NA
"DQA1*05:01";0,0297363279596301;0,158417628239248;1,03018286772101;0,755207884904284;1,40527762243954;0,851105203352851;2376;442;657;130;42;6;615;124;699;136;0,14709595959596;0,153846153846154;0,148154719659333;"cent_ad";NA
"DQA1*05:05";0,0291086757032755;0,0636837591871647;1,02953647399609;0,90872615274168;1,16640788656778;0,647612381989713;2376;3197;500;652;33;48;467;604;533;700;0,1121632996633;0,109477635283078;0,11062264489503;"ctrl_ad";NA
"DQA1*05:05";-0,160244070588596;0,114355834986914;0,8519358311093;0,680871620223427;1,06597872311042;0,161131598140844;3197;442;652;100;48;11;604;89;700;111;0,109477635283078;0,125565610859729;0,111431712008794;"cent_ctrl";NA
"DQA1*05:05";-0,129673469832367;0,116588071077035;0,878382202386037;0,698942997200263;1,10388872420089;0,266036619344577;2376;442;500;100;33;11;467;89;533;111;0,1121632996633;0,125565610859729;0,114265436479773;"cent_ad";NA
"DQA1*05:09";0,338059668127855;0,579347759715347;1,40222416900021;0,450470836033327;4,36483888156271;0,559544850002956;2376;3197;6;6;0;0;6;6;6;6;0,00126262626262626;0,00093837973099781;0,00107661941503678;"ctrl_ad";NA
"DQA1*05:09";11,5712001712554;218,121283360838;106000,614606869;2,27365033254665e-181;4,94189020017351e+190;0,957692558687827;3197;442;6;0;0;0;6;0;6;0;0,00093837973099781;0;0,000824402308326463;"cent_ctrl";NA
"DQA1*05:09";12,8960335285938;360,093961116051;398727,509344959;1,20922871692943e-301;Inf;0,971431492683147;2376;442;6;0;0;0;6;0;6;0;0,00126262626262626;0;0,00106458481192335;"cent_ad";NA
"DQA1*06";0,367171236078485;0,419142114463859;1,44364510207726;0,634862202058476;3,28277722944307;0,381026475025993;2376;3197;12;11;0;0;12;11;12;11;0,00252525252525253;0,00172036284016265;0,00206352054548717;"ctrl_ad";NA
"DQA1*06";-0,739205201282343;0,654638509025209;0,477493275786823;0,132351147656464;1,72268871452053;0,258821593404845;3197;442;11;3;0;0;11;3;11;3;0,00172036284016265;0,00339366515837104;0,00192360538609508;"cent_ctrl";NA
"DQA1*06";-0,303668549074289;0,649425414519355;0,738105471652893;0,206688518291448;2,63584882115091;0,640073720946124;2376;442;12;3;0;0;12;3;12;3;0,00252525252525253;0,00339366515837104;0,00266146202980837;"cent_ad";NA
"DQA1*06:01";0,367171236078485;0,419142114463859;1,44364510207726;0,634862202058476;3,28277722944307;0,381026475025993;2376;3197;12;11;0;0;12;11;12;11;0,00252525252525253;0,00172036284016265;0,00206352054548717;"ctrl_ad";NA
"DQA1*06:01";-0,739205201282343;0,654638509025209;0,477493275786823;0,132351147656464;1,72268871452053;0,258821593404845;3197;442;11;3;0;0;11;3;11;3;0,00172036284016265;0,00339366515837104;0,00192360538609508;"cent_ctrl";NA
"DQA1*06:01";-0,303668549074289;0,649425414519355;0,738105471652893;0,206688518291448;2,63584882115091;0,640073720946124;2376;442;12;3;0;0;12;3;12;3;0,00252525252525253;0,00339366515837104;0,00266146202980837;"cent_ad";NA
"DQB1*02";0,0458705295417902;0,0600326851492375;1,04693885452864;0,930723039242242;1,17766609281975;0,44481207115412;2377;3198;912;1173;109;131;803;1042;1021;1304;0,214766512410602;0,203877423389619;0,208520179372197;"ctrl_ad";NA
"DQB1*02";-0,0859472541306434;0,111800791765546;0,917642631802047;0,737066761074433;1,14245824689353;0,442039636093348;3198;439;1173;184;131;18;1042;166;1304;202;0,203877423389619;0,230068337129841;0,207038768215562;"cent_ctrl";NA
"DQB1*02";-0,035174407236036;0,111762679634376;0,965437022370799;0,775513987855423;1,2018721245012;0,752971154662015;2377;439;912;184;109;18;803;166;1021;202;0,214766512410602;0,230068337129841;0,217151988636364;"cent_ad";NA
"DQB1*02:01";0,0189372752891614;0,0838080181460448;1,01911772274809;0,864739961078473;1,20105578505237;0,821232387186527;2377;3198;658;829;42;59;616;770;700;888;0,14724442574674;0,138836772983114;0,142421524663677;"ctrl_ad";NA
"DQB1*02:01";0,00961419258572909;0,158910043560907;1,00966055740291;0,739449348970546;1,37861294028369;0,951756739507364;3198;439;829;130;59;6;770;124;888;136;0,138836772983114;0,154897494305239;0,140775364311246;"cent_ctrl";NA
"DQB1*02:01";0,0241083078437787;0,158489162135634;1,02440126257434;0,75086421441116;1,39758684276471;0,879097582472463;2377;439;658;130;42;6;616;124;700;136;0,14724442574674;0,154897494305239;0,1484375;"cent_ad";NA
"DQB1*02:02";0,0607704546913845;0,0777727111100924;1,0626549587284;0,912411614458325;1,23763830207318;0,434575903036778;2377;3198;312;401;9;15;303;386;321;416;0,067522086663862;0,0650406504065041;0,0660986547085202;"ctrl_ad";NA
"DQB1*02:02";-0,144099449429724;0,13880902614797;0,86580164029821;0,659571339430828;1,13651463538416;0,299217467051974;3198;439;401;64;15;2;386;62;416;66;0,0650406504065041;0,0751708428246014;0,0662634039043167;"cent_ctrl";NA
"DQB1*02:02";-0,0786164701020009;0,143067508768942;0,924394389352656;0,698354247336574;1,22359818147542;0,582658173180313;2377;439;312;64;9;2;303;62;321;66;0,067522086663862;0,0751708428246014;0,0687144886363636;"cent_ad";NA
"DQB1*03";-0,0649725844819491;0,04701699631331;0,937093153919519;0,854596460695253;1,0275534939712;0,167003732045747;2377;3198;1198;1705;233;322;965;1383;1431;2027;0,301009676062263;0,316916823014384;0,310134529147982;"ctrl_ad";NA
"DQB1*03";-0,101341570162528;0,0890636271792967;0,903624329057916;0,758884050471276;1,07597060125099;0,255180674894612;3198;439;1705;245;322;47;1383;198;2027;292;0,316916823014384;0,332574031890661;0,318806708825955;"cent_ctrl";NA
"DQB1*03";-0,158467514340661;0,0885308537664171;0,853450688248929;0,71749594156279;1,0151668254542;0,0734588396151817;2377;439;1198;245;233;47;965;198;1431;292;0,301009676062263;0,332574031890661;0,305930397727273;"cent_ad";NA
"DQB1*03:01";0,00643314646161736;0,0575620374594258;1,0064538835928;0,899075337155433;1,12665688617806;0,911013522928507;2377;3198;692;923;62;83;630;840;754;1006;0,158603281447202;0,157285803627267;0,157847533632287;"ctrl_ad";NA
"DQB1*03:01";-0,141800235482258;0,105665843859301;0,867794593740539;0,705459941607585;1,06748436376024;0,17960620481848;3198;439;923;134;83;18;840;116;1006;152;0,157285803627267;0,173120728929385;0,159197140500412;"cent_ctrl";NA
"DQB1*03:01";-0,139759162345815;0,106953732447877;0,869567634811485;0,70511915381759;1,07236892859565;0,191305977782005;2377;439;692;134;62;18;630;116;754;152;0,158603281447202;0,173120728929385;0,160866477272727;"cent_ad";NA
"DQB1*03:02";-0,194835211530794;0,0688427777007759;0,822970262892479;0,719091222035381;0,941855543290156;0,0046526556774085;2377;3198;406;670;22;35;384;635;428;705;0,0900294488851494;0,110225140712946;0,101614349775785;"ctrl_ad";NA
"DQB1*03:02";-0,0647061808453236;0,123320469961118;0,937342832199704;0,736081596219856;1,19363340910609;0,599792150526931;3198;439;670;99;35;1;635;98;705;100;0,110225140712946;0,113895216400911;0,110668133076712;"cent_ctrl";NA
"DQB1*03:02";-0,257331666889755;0,127024073229031;0,773111755667035;0,602722220798107;0,991670401597449;0,042780200189702;2377;439;406;99;22;1;384;98;428;100;0,0900294488851494;0,113895216400911;0,09375;"cent_ad";NA
"DQB1*03:03";0,118958251337225;0,087813942859477;1,12632289483206;0,948231055809672;1,33786301940897;0,175525125368157;2377;3198;240;294;8;9;232;285;248;303;0,0521665965502735;0,0473733583489681;0,0494170403587444;"ctrl_ad";NA
"DQB1*03:03";0,067106434538097;0,172542032473536;1,06940929420178;0,762558578560299;1,49973558842433;0,697329378937656;3198;439;294;40;9;0;285;40;303;40;0,0473733583489681;0,0455580865603645;0,0471542480065988;"cent_ctrl";NA
"DQB1*03:03";0,20135748065087;0,175866580022606;1,22306191465292;0,866458542114841;1,72643049190023;0,25223213178996;2377;439;240;40;8;0;232;40;248;40;0,0521665965502735;0,0455580865603645;0,0511363636363636;"cent_ad";NA
"DQB1*03:04";-2,01712238717935;1,04960686256502;0,133037745911481;0,0170032319582084;1,04092221294809;0,0546323772416826;2377;3198;1;10;0;0;1;10;1;10;0,000210349179638199;0,00156347717323327;0,000986547085201794;"ctrl_ad";NA
"DQB1*03:04";12,6196994748113;278,204192590195;302458,535645436;4,66096996115171e-232;1,96270661573127e+242;0,963819339852926;3198;439;10;0;0;0;10;0;10;0;0,00156347717323327;0;0,00137475941710201;"cent_ctrl";NA
"DQB1*03:04";11,225067873018;324,743720645504;74986,8371926685;2,80252473566326e-272;2,00641431656398e+281;0,972425871246645;2377;439;1;0;0;0;1;0;1;0;0,000210349179638199;0;0,000177556818181818;"cent_ad";NA
"DQB1*03:19";-12,2984134338257;187,336079041057;4,5589718387212e-06;1,56739027287604e-165;1,32604014366601e+154;0,947657331347284;2377;3198;0;3;0;0;0;3;0;3;0;0,000469043151969981;0,000269058295964126;"ctrl_ad";NA
"DQB1*03:19";11,5956484325033;309,099842041216;108624,084288114;8,41063618331292e-259;1,40288932136198e+268;0,970074979105008;3198;439;3;0;0;0;3;0;3;0;0,000469043151969981;0;0,000412427825130602;"cent_ctrl";NA
"DQB1*03:19";NA;NA;NA;NA;NA;NA;2377;439;0;0;0;0;0;0;0;0;0;0;0;"cent_ad";NA
"DQB1*04";-0,213958207849422;0,114876292249526;0,807382126553018;0,644606168169723;1,0112622721687;0,0625312804031426;2377;3198;124;204;3;2;121;202;127;206;0,0267143458140513;0,0322076297686054;0,0298654708520179;"ctrl_ad";NA
"DQB1*04";0,297120865747226;0,234080137934979;1,34597797225048;0,850716618072108;2,12956543142308;0,204329598377654;3198;439;204;21;2;0;202;21;206;21;0,0322076297686054;0,0239179954441913;0,0312070387682156;"cent_ctrl";NA
"DQB1*04";0,0989721222587632;0,238011648413159;1,10403552111329;0,69244206253434;1,76028363646591;0,677535208761388;2377;439;124;21;3;0;121;21;127;21;0,0267143458140513;0,0239179954441913;0,0262784090909091;"cent_ad";NA
"DQB1*04:02";-0,213958207849422;0,114876292249526;0,807382126553018;0,644606168169723;1,0112622721687;0,0625312804031426;2377;3198;124;204;3;2;121;202;127;206;0,0267143458140513;0,0322076297686054;0,0298654708520179;"ctrl_ad";NA
"DQB1*04:02";0,297120865747226;0,234080137934979;1,34597797225048;0,850716618072108;2,12956543142308;0,204329598377654;3198;439;204;21;2;0;202;21;206;21;0,0322076297686054;0,0239179954441913;0,0312070387682156;"cent_ctrl";NA
"DQB1*04:02";0,0989721222587632;0,238011648413159;1,10403552111329;0,69244206253434;1,76028363646591;0,677535208761388;2377;439;124;21;3;0;121;21;127;21;0,0267143458140513;0,0239179954441913;0,0262784090909091;"cent_ad";NA
"DQB1*05";0,166540674537444;0,0531286893153892;1,18121158012792;1,06439700197035;1,31084622978595;0,00172050116817021;2377;3198;842;980;90;105;752;875;932;1085;0,196045435422802;0,16963727329581;0,180896860986547;"ctrl_ad";NA
"DQB1*05";0,205770299290463;0,108366498100789;1,22847099092602;0,993393880001131;1,51917684005164;0,0575859311989517;3198;439;980;121;105;3;875;118;1085;124;0,16963727329581;0,14123006833713;0,166208413527633;"cent_ctrl";NA
"DQB1*05";0,380424827726194;0,111227889029124;1,46290594044563;1,17635204800928;1,81926302947553;0,000625684908195826;2377;439;842;121;90;3;752;118;932;124;0,196045435422802;0,14123006833713;0,1875;"cent_ad";NA
"DQB1*05:01";0,141820658297589;0,0597952512852574;1,15236996201301;1,02492758957563;1,29565887664289;0,0177030467171132;2377;3198;647;760;53;57;594;703;700;817;0,14724442574674;0,127736085053158;0,136053811659193;"ctrl_ad";NA
"DQB1*05:01";0,289181637502392;0,126730083292736;1,33533425328067;1,04163404189463;1,71184647992238;0,0224969874422333;3198;439;760;84;57;2;703;82;817;86;0,127736085053158;0,0979498861047836;0,124140775364311;"cent_ctrl";NA
"DQB1*05:01";0,434255977917928;0,128746836136707;1,54381399983518;1,19950884729558;1,98694796746239;0,000743688466847231;2377;439;647;84;53;2;594;82;700;86;0,14724442574674;0,0979498861047836;0,139559659090909;"cent_ad";NA
"DQB1*05:02";0,230502970402544;0,156773331944563;1,25923320770964;0,926100276530829;1,71219932828291;0,141482005350113;2377;3198;78;86;2;0;76;86;80;86;0,016827934371056;0,0134459036898061;0,0148878923766816;"ctrl_ad";NA
"DQB1*05:02";-0,170730550746176;0,294503926496663;0,843048701714092;0,473331993979539;1,50154885471895;0,562101771805798;3198;439;86;14;0;0;86;14;86;14;0,0134459036898061;0,0159453302961276;0,0137475941710201;"cent_ctrl";NA
"DQB1*05:02";0,0653264063286074;0,290432969052896;1,06750740869771;0,60415637653105;1,88622037586975;0,822035555801597;2377;439;78;14;2;0;76;14;80;14;0,016827934371056;0,0159453302961276;0,0166903409090909;"cent_ad";NA
"DQB1*05:03";0,111201919547069;0,112070309776131;1,11762055350842;0,897218472391482;1,39216449511469;0,321074914235642;2377;3198;145;171;2;7;143;164;147;178;0,0309213294068153;0,0278298936835522;0,0291479820627803;"ctrl_ad";NA
"DQB1*05:03";0,0152542431796648;0,216560717877803;1,01537118300002;0,664178218701015;1,55226204388818;0,943844534636746;3198;439;171;24;7;0;164;24;178;24;0,0278298936835522;0,0273348519362187;0,0277701402254605;"cent_ctrl";NA
"DQB1*05:03";0,121811197561475;0,225069570698478;1,12954082158551;0,726639236142363;1,75584031823201;0,588358879595626;2377;439;145;24;2;0;143;24;147;24;0,0309213294068153;0,0273348519362187;0,0303622159090909;"cent_ad";NA
"DQB1*05:04";0,547800952463521;0,67218341175892;1,72944569985929;0,463161934926316;6,45774663938569;0,415096604042557;2377;3198;5;4;0;0;5;4;5;4;0,001051745898191;0,000625390869293308;0,000807174887892377;"ctrl_ad";NA
"DQB1*05:04";11,659169153878;267,627346380511;115747,821828833;1,7968695029091e-223;7,45605523185159e+232;0,965251199375042;3198;439;4;0;0;0;4;0;4;0;0,000625390869293308;0;0,000549903766840803;"cent_ctrl";NA
"DQB1*05:04";11,962878345316;239,356516080628;156823,828890328;2,82509031246017e-199;8,70546091901998e+208;0,960138859868431;2377;439;5;0;0;0;5;0;5;0;0,001051745898191;0;0,000887784090909091;"cent_ad";NA
"DQB1*06";-0,0656353421454674;0,0507007411228827;0,936472294012884;0,847886247110675;1,03431369531258;0,195470760236339;2377;3198;1074;1514;169;260;905;1254;1243;1774;0,261464030290282;0,277360850531582;0,270582959641256;"ctrl_ad";NA
"DQB1*06";-0,0447737710345405;0,0949744922685682;0,95621378062;0,793799970432727;1,1518579343725;0,637334101595695;3198;439;1514;206;260;33;1254;173;1774;239;0,277360850531582;0,272209567198178;0,276739070662634;"cent_ctrl";NA
"DQB1*06";-0,110748416028986;0,0950080766176233;0,895163929498024;0,743070579484235;1,07838808694396;0,243746398188458;2377;439;1074;206;169;33;905;173;1243;239;0,261464030290282;0,272209567198178;0,263139204545455;"cent_ad";NA
"DQB1*06:01";0,668925031609134;0,361721208039259;1,95213770599987;0,960742807265763;3,96655753690414;0,0644168989970238;2377;3198;19;13;0;0;19;13;19;13;0,00399663441312579;0,00203252032520325;0,00286995515695067;"ctrl_ad";NA
"DQB1*06:01";-0,11709467662591;0,763096766776063;0,889500974225708;0,199335819871238;3,96924137197004;0,878046023798049;3198;439;13;2;0;0;13;2;13;2;0,00203252032520325;0,00227790432801822;0,00206213912565301;"cent_ctrl";NA
"DQB1*06:01";0,559147273895501;0,746729958757182;1,74918029246737;0,404767097468923;7,55899309674291;0,453981085096684;2377;439;19;2;0;0;19;2;19;2;0,00399663441312579;0,00227790432801822;0,00372869318181818;"cent_ad";NA
"DQB1*06:02";-0,231457562660297;0,0820305761529761;0,793376363570981;0,675543658747324;0,93176221273442;0,00477845754391537;2377;3198;573;857;36;68;537;789;609;925;0,128102650399663;0,144621638524078;0,137578475336323;"ctrl_ad";NA
"DQB1*06:02";0,015529601157897;0,153758146789218;1,0156508120534;0,75138555769978;1,37285919519482;0,919550313903312;3198;439;857;107;68;10;789;97;925;117;0,144621638524078;0,133257403189066;0,143249931262029;"cent_ctrl";NA
"DQB1*06:02";-0,222807212836275;0,156130485716963;0,80026911603685;0,589298186312264;1,08676841870177;0,153563261940095;2377;439;573;107;36;10;537;97;609;117;0,128102650399663;0,133257403189066;0,12890625;"cent_ad";NA
"DQB1*06:03";-0,0093811720352433;0,0742101086940176;0,990662693880731;0,856558223544887;1,1457628285739;0,899404483526719;2377;3198;337;460;13;15;324;445;350;475;0,0736222128733698;0,0742651657285804;0,0739910313901345;"ctrl_ad";NA
"DQB1*06:03";-0,0348765014918031;0,138416368721824;0,965724674449934;0,736259541736492;1,26670568457667;0,801065765306432;3198;439;460;66;15;1;445;65;475;67;0,0742651657285804;0,0763097949886105;0,0745119604069288;"cent_ctrl";NA
"DQB1*06:03";-0,0447722805416802;0,140958172573788;0,956215205850875;0,725386763998693;1,26049655891168;0,750767034845558;2377;439;337;66;13;1;324;65;350;67;0,0736222128733698;0,0763097949886105;0,0740411931818182;"cent_ad";NA
"DQB1*06:04";0,0511555634861408;0,0908346852407498;1,0524866090348;0,880838997391855;1,25758290161712;0,573317676397179;2377;3198;234;313;4;11;230;302;238;324;0,0500631047538915;0,050656660412758;0,0504035874439462;"ctrl_ad";NA
"DQB1*06:04";-0,0299264580950178;0,16883248372681;0,970516904586076;0,697091830238186;1,35118935731251;0,85930783439476;3198;439;313;44;11;1;302;43;324;45;0,050656660412758;0,05125284738041;0,0507286224910641;"cent_ctrl";NA
"DQB1*06:04";0,0133205994384642;0,173704168228631;1,01340971386942;0,720983108182709;1,42444287044884;0,938873701213918;2377;439;234;44;4;1;230;43;238;45;0,0500631047538915;0,05125284738041;0,0502485795454545;"cent_ad";NA
"DQB1*06:09";-0,0438016211477857;0,255033051481901;0,957143815732061;0,580615575000897;1,57784999824146;0,863635017108385;2377;3198;27;37;0;0;27;37;27;37;0,00567942785023138;0,0057848655409631;0,00573991031390134;"ctrl_ad";NA
"DQB1*06:09";-0,460004490532112;0,394216716296249;0,631280810713809;0,291513414765202;1,36705702650585;0,243257923328591;3198;439;37;8;0;0;37;8;37;8;0,0057848655409631;0,00911161731207289;0,00618641737695903;"cent_ctrl";NA
"DQB1*06:09";-0,480916661496611;0,407125564525124;0,618216436788747;0,278348106220699;1,37307046167844;0,237503825218295;2377;439;27;8;0;0;27;8;27;8;0,00567942785023138;0,00911161731207289;0,00621448863636364;"cent_ad";NA
"DR1";0,13537660458318;0,0605476019581198;1,14496790332551;1,01684358489898;1,28923614124572;0,0253602470572836;2278;3048;636;745;56;57;580;688;692;802;0,15188762071993;0,131561679790026;0,140255351107773;"ctrl_ad";NA
"DR1";0,297966926126412;0,12879328959658;1,34711723275769;1,04658457695673;1,73394953331875;0,0206936081888165;3048;419;745;82;57;2;688;80;802;84;0,131561679790026;0,100238663484487;0,127776175367753;"cent_ctrl";NA
"DR1";0,432902601019176;0,130485651600142;1,54172605084149;1,19381101539919;1,99103474937237;0,000907859310865475;2278;419;636;82;56;2;580;80;692;84;0,15188762071993;0,100238663484487;0,14386355209492;"cent_ad";NA
"DR2";-0,0895232562978033;0,072456512206042;0,914367000085777;0,793312533011396;1,05389361198187;0,216627868320125;2278;3048;642;920;57;83;585;837;699;1003;0,15342405618964;0,164534120734908;0,159782200525723;"ctrl_ad";NA
"DR2";-0,0468577269259883;0,139164747925529;0,954223148193901;0,726424566417166;1,2534568056254;0,736337882687884;3048;419;920;121;83;12;837;109;1003;133;0,164534120734908;0,158711217183771;0,163830400922988;"cent_ctrl";NA
"DR2";-0,128072511770238;0,132684291016894;0,879789581731632;0,678321630563204;1,14109542324465;0,334423383308121;2278;419;642;121;57;12;585;109;699;133;0,15342405618964;0,158711217183771;0,154245457916203;"cent_ad";NA
"DR3";0,0362907819725934;0,0446892441552977;1,0369573311539;0,94999349994721;1,1318819620277;0,416751627049148;2278;3048;1514;1985;401;509;1113;1476;1915;2494;0,420324846356453;0,409120734908136;0,413912880210289;"ctrl_ad";NA
"DR3";-0,0913327193241346;0,0835642813313439;0,912713982794479;0,774824512515091;1,07514256574625;0,274409773660466;3048;419;1985;278;509;93;1476;185;2494;371;0,409120734908136;0,44272076372315;0,413181424862994;"cent_ctrl";NA
"DR3";-0,0558811736994849;0,0852755516428776;0,94565149748353;0,800097843098555;1,11768424625373;0,512273830408775;2278;419;1514;278;401;93;1113;185;1915;371;0,420324846356453;0,44272076372315;0,423804226918799;"cent_ad";NA
"DR4";-0,0560197681271983;0,0488888525262249;0,945520444537234;0,859124081133458;1,04060511242847;0,251853189460359;2278;3048;978;1386;138;202;840;1184;1116;1588;0,244951712028095;0,260498687664042;0,253849042433346;"ctrl_ad";NA
"DR4";-0,0725237494081245;0,0909531385374899;0,930043658411571;0,778184294129272;1,11153773351263;0,42523333432937;3048;419;1386;199;202;28;1184;171;1588;227;0,260498687664042;0,270883054892601;0,261753677531007;"cent_ctrl";NA
"DR4";-0,124901383961762;0,0925082471965763;0,882583935224223;0,736226437100225;1,05803644566737;0,17696310946787;2278;419;978;199;138;28;840;171;1116;227;0,244951712028095;0,270883054892601;0,24898034853541;"cent_ad";NA
"DR8";-0,180149616985265;0,112711863201945;0,835145250148756;0,669606623010057;1,0416079603734;0,109971794775772;2278;3048;131;206;3;3;128;203;134;209;0,0294117647058824;0,0342847769028871;0,0322005257228689;"ctrl_ad";NA
"DR8";0,22136625961974;0,22442645290633;1,24778035844144;0,80371577331926;1,93719704726236;0,323954336627983;3048;419;206;23;3;0;203;23;209;23;0,0342847769028871;0,0274463007159905;0,0334583213152581;"cent_ctrl";NA
"DR8";0,05676561829143;0,228900733289226;1,05840770991412;0,675785325666803;1,65766677354277;0,804140367940309;2278;419;131;23;3;0;128;23;134;23;0,0294117647058824;0,0274463007159905;0,0291064145346682;"cent_ad";NA
"DRB1*01";0,151127452902308;0,0631347196981422;1,16314489482767;1,02776177345561;1,31636151616618;0,0166780351554672;2278;3048;595;688;48;45;547;643;643;733;0,141132572431958;0,120242782152231;0,129177619226436;"ctrl_ad";NA
"DRB1*01";0,274647446230515;0,133757613657508;1,31606660882448;1,01256075532928;1,71054557442285;0,0400413618651231;3048;419;688;76;45;2;643;74;733;78;0,120242782152231;0,0930787589498807;0,116959907701183;"cent_ctrl";NA
"DRB1*01";0,423773364328216;0,135703516285456;1,52771531975873;1,17092551247495;1,99322166385493;0,00179146503778517;2278;419;595;76;48;2;547;74;643;78;0,141132572431958;0,0930787589498807;0,133667037449017;"cent_ad";NA
"DRB1*01:01";0,145594300435211;0,0653391593805794;1,15672680928075;1,01768409228621;1,31476645989719;0,0258614836570004;2278;3048;549;638;42;36;507;602;591;674;0,129719051799824;0,110564304461942;0,118757040931281;"ctrl_ad";NA
"DRB1*01:01";0,229332686471195;0,137417361129344;1,25776040928509;0,960784307260737;1,64653110506694;0,0951417397720153;3048;419;638;72;36;2;602;70;674;74;0,110564304461942;0,0883054892601432;0,107874242861263;"cent_ctrl";NA
"DRB1*01:01";0,364588573006811;0,138763846051833;1,43992146370495;1,09703538260758;1,88997898746886;0,00860393180427724;2278;419;549;72;42;2;507;70;591;74;0,129719051799824;0,0883054892601432;0,123285131627735;"cent_ad";NA
"DRB1*01:02";0,178478909851894;0,227893429459515;1,19539767189368;0,764760770862545;1,86852627437615;0,433528287156464;2278;3048;36;40;1;0;35;40;37;40;0,00812115891132572;0,00656167979002625;0,00722868944799099;"ctrl_ad";NA
"DRB1*01:02";1,03123119706254;0,727586992172071;2,80451662259078;0,673788303213126;11,6732710391087;0,156386337281688;3048;419;40;2;0;0;40;2;40;2;0,00656167979002625;0,00238663484486874;0,00605710989327949;"cent_ctrl";NA
"DRB1*01:02";1,21233225925789;0,723422304208983;3,36131497579868;0,814178656777064;13,877099666618;0,0937716425500819;2278;419;36;2;1;0;35;2;37;2;0,00812115891132572;0,00238663484486874;0,00723025583982202;"cent_ad";NA
"DRB1*01:03";0,047582827424917;0,34750187368559;1,04873306138293;0,530719925054144;2,07235677824873;0,891087499800072;2278;3048;15;19;0;0;15;19;15;19;0,00329236172080773;0,00311679790026247;0,00319188884716485;"ctrl_ad";NA
"DRB1*01:03";0,237309055143141;0,746170795597009;1,26783288750747;0,293703153341829;5,47287358802966;0,750457751445112;3048;419;19;2;0;0;19;2;19;2;0,00311679790026247;0,00238663484486874;0,00302855494663975;"cent_ctrl";NA
"DRB1*01:03";0,327257210052632;0,756884641772823;1,38715822233849;0,314668149908968;6,11503876181287;0,665469640620807;2278;419;15;2;0;0;15;2;15;2;0,00329236172080773;0,00238663484486874;0,00315164998146088;"cent_ad";NA
"DRB1*03";0,0339656915666637;0,085100890885277;1,03454911235999;0,875612134818677;1,22233557910487;0,68980284688148;2278;3048;651;813;43;60;608;753;694;873;0,152326602282704;0,143208661417323;0,147108524220804;"ctrl_ad";NA
"DRB1*03";0,0235769840256344;0,161326110451876;1,02385711835539;0,746304046736713;1,40463314300749;0,883807022644574;3048;419;813;128;60;6;753;122;873;134;0,143208661417323;0,159904534606205;0,145226420536487;"cent_ctrl";NA
"DRB1*03";0,0543664245602683;0,161655131021879;1,0558714285033;0,769143568192893;1,44948813151879;0,736636235455185;2278;419;651;128;43;6;608;122;694;134;0,152326602282704;0,159904534606205;0,153503893214683;"cent_ad";NA
"DRB1*03:01";0,0339656915666637;0,085100890885277;1,03454911235999;0,875612134818677;1,22233557910487;0,68980284688148;2278;3048;651;813;43;60;608;753;694;873;0,152326602282704;0,143208661417323;0,147108524220804;"ctrl_ad";NA
"DRB1*03:01";0,0235769840256344;0,161326110451876;1,02385711835539;0,746304046736713;1,40463314300749;0,883807022644574;3048;419;813;128;60;6;753;122;873;134;0,143208661417323;0,159904534606205;0,145226420536487;"cent_ctrl";NA
"DRB1*03:01";0,0543664245602683;0,161655131021879;1,0558714285033;0,769143568192893;1,44948813151879;0,736636235455185;2278;419;651;128;43;6;608;122;694;134;0,152326602282704;0,159904534606205;0,153503893214683;"cent_ad";NA
"DRB1*03:02";NA;NA;NA;NA;NA;NA;2278;3048;0;0;0;0;0;0;0;0;0;0;0;"ctrl_ad";NA
"DRB1*03:02";NA;NA;NA;NA;NA;NA;3048;419;0;0;0;0;0;0;0;0;0;0;0;"cent_ctrl";NA
"DRB1*03:02";NA;NA;NA;NA;NA;NA;2278;419;0;0;0;0;0;0;0;0;0;0;0;"cent_ad";NA
"DRB1*04";-0,179279166598872;0,0632419363856404;0,835872519134306;0,738426755580808;0,946177617432597;0,00458522824240789;2278;3048;522;827;40;57;482;770;562;884;0,123353819139596;0,14501312335958;0,135749155088246;"ctrl_ad";NA
"DRB1*04";-0,0814079151607663;0,115134237445224;0,921817591370381;0,735598356449702;1,15517886127577;0,479523248515136;3048;419;827;121;57;5;770;116;884;126;0,14501312335958;0,15035799522673;0,14565907124315;"cent_ctrl";NA
"DRB1*04";-0,26386687704398;0,11749118178721;0,768075781369659;0,61008951093214;0,966973526598182;0,0247139956723957;2278;419;522;121;40;5;482;116;562;126;0,123353819139596;0,15035799522673;0,127549128661476;"cent_ad";NA
"DRB1*04:01";-0,169913100568626;0,0743308535107329;0,84373813377478;0,729349984683834;0,976066433585172;0,02225995002059;2278;3048;351;562;21;20;330;542;372;582;0,0816505706760316;0,0954724409448819;0,0895606458880961;"ctrl_ad";NA
"DRB1*04:01";-0,0538000216211436;0,135964440589001;0,947621591384341;0,725938248327122;1,23700147020376;0,692332365389649;3048;419;562;80;20;1;542;79;582;81;0,0954724409448819;0,0966587112171838;0,0956158061724834;"cent_ctrl";NA
"DRB1*04:01";-0,222912483865948;0,137549960314394;0,800184875317121;0,611090381972244;1,04779236194125;0,105104984074256;2278;419;351;80;21;1;330;79;372;81;0,0816505706760316;0,0966587112171838;0,0839822024471635;"cent_ad";NA
"DRB1*04:02";-0,0936343599137191;0,337938706684549;0,910615658964977;0,469543550641727;1,76601483977135;0,781722534156382;2278;3048;15;22;0;0;15;22;15;22;0,00329236172080773;0,00360892388451444;0,00347352609838528;"ctrl_ad";NA
"DRB1*04:02";-0,257054554902351;0,550027437352997;0,773326023888908;0,263129668518642;2,27276970548633;0,640250487860567;3048;419;22;4;0;0;22;4;22;4;0,00360892388451444;0,00477326968973747;0,00374963945774445;"cent_ctrl";NA
"DRB1*04:02";-0,348754527466794;0,569530947948304;0,705566306162641;0,231069861038299;2,15442987741911;0,540303600260201;2278;419;15;4;0;0;15;4;15;4;0,00329236172080773;0,00477326968973747;0,00352243233222099;"cent_ad";NA
"DRB1*04:03";-0,130617958849864;0,388751783090174;0,877552971703998;0,409601127036526;1,88011987105163;0,736875988020048;2278;3048;11;17;0;0;11;17;11;17;0,002414398595259;0,00278871391076115;0,002628614344724;"ctrl_ad";NA
"DRB1*04:03";0,148700921421166;0,750417288664929;1,16032590868574;0,266570384218076;5,05065939082703;0,842921726046977;3048;419;17;2;0;0;17;2;17;2;0,00278871391076115;0,00238663484486874;0,00274012114219787;"cent_ctrl";NA
"DRB1*04:03";0,0787630367513335;0,77191471528379;1,08194790979978;0,238308362015677;4,91217038973689;0,918728154966501;2278;419;11;2;0;0;11;2;11;2;0,002414398595259;0,00238663484486874;0,00241008527994067;"cent_ad";NA
"DRB1*04:04";-0,0788695051604648;0,118292606013862;0,924160514754787;0,732916856236205;1,16530633695315;0,504943122182336;2278;3048;119;183;3;6;116;177;122;189;0,0267778753292362;0,031003937007874;0,0291963950431844;"ctrl_ad";NA
"DRB1*04:04";-0,166914475798829;0,20215909662203;0,846271984977784;0,569414690117428;1,25774112432987;0,408997561227081;3048;419;183;30;6;0;177;30;189;30;0,031003937007874;0,035799522673031;0,0315835015863859;"cent_ctrl";NA
"DRB1*04:04";-0,249548193919046;0,211190656625875;0,77915272950083;0,5150548490881;1,17866859609888;0,237354464864758;2278;419;119;30;3;0;116;30;122;30;0,0267778753292362;0,035799522673031;0,0281794586577679;"cent_ad";NA
"DRB1*04:05";0,130968265942394;0,375191219085344;1,13993160608275;0,546398605185014;2,37819799358087;0,727036223760475;2278;3048;13;16;0;0;13;16;13;16;0,00285338015803336;0,0026246719160105;0,00272249342846414;"ctrl_ad";NA
"DRB1*04:05";-0,581522310899454;0,56270521155968;0,559046675613081;0,185551181200049;1,68435028811314;0,301397838448668;3048;419;16;4;0;0;16;4;16;4;0,0026246719160105;0,00477326968973747;0,00288433804441881;"cent_ctrl";NA
"DRB1*04:05";-0,47991209329639;0,577047949700945;0,618837789405285;0,199702588897651;1,9176527040032;0,405596583982624;2278;419;13;4;0;0;13;4;13;4;0,00285338015803336;0,00477326968973747;0,00315164998146088;"cent_ad";NA
"DRB1*04:06";NA;NA;NA;NA;NA;NA;2278;3048;0;0;0;0;0;0;0;0;0;0;0;"ctrl_ad";NA
"DRB1*04:06";NA;NA;NA;NA;NA;NA;3048;419;0;0;0;0;0;0;0;0;0;0;0;"cent_ctrl";NA
"DRB1*04:06";NA;NA;NA;NA;NA;NA;2278;419;0;0;0;0;0;0;0;0;0;0;0;"cent_ad";NA
"DRB1*04:07";-0,384192028356584;0,247957862716453;0,681000643188488;0,418872190884479;1,10716797657029;0,121279668360622;2278;3048;25;50;0;0;25;50;25;50;0,00548726953467954;0,00820209973753281;0,0070409312805107;"ctrl_ad";NA
"DRB1*04:07";0,336253114072906;0,474638364862117;1,3996932620402;0,55209337960724;3,54856859394776;0,47867165320854;3048;419;50;5;0;0;50;5;50;5;0,00820209973753281;0,00596658711217184;0,00793192962215172;"cent_ctrl";NA
"DRB1*04:07";-0,103656008791673;0,495707597854081;0,901535364327327;0,341214863943929;2,38197716165837;0,83436458410886;2278;419;25;5;0;0;25;5;25;5;0,00548726953467954;0,00596658711217184;0,00556173526140156;"cent_ad";NA
"DRB1*04:08";-0,414738265779676;0,614581841334731;0,660513136973716;0,19803357839831;2,20304863267866;0,499783776130493;2278;3048;4;8;0;0;4;8;4;8;0,000877963125548727;0,00131233595800525;0,00112654900488171;"ctrl_ad";NA
"DRB1*04:08";12,6477543059369;311,420568165231;311064,108301787;2,54865273551413e-260;3,79655015864906e+270;0,967604341433956;3048;419;8;0;0;0;8;0;8;0;0,00131233595800525;0;0,00115373521776752;"cent_ctrl";NA
"DRB1*04:08";11,8809429247962;267,115921728592;144486,726588461;6,11174343929609e-223;3,41578706102443e+232;0,964522907763608;2278;419;4;0;0;0;4;0;4;0;0,000877963125548727;0;0,000741564701520208;"cent_ad";NA
"DRB1*04:10";NA;NA;NA;NA;NA;NA;2278;3048;0;0;0;0;0;0;0;0;0;0;0;"ctrl_ad";NA
"DRB1*04:10";NA;NA;NA;NA;NA;NA;3048;419;0;0;0;0;0;0;0;0;0;0;0;"cent_ctrl";NA
"DRB1*04:10";NA;NA;NA;NA;NA;NA;2278;419;0;0;0;0;0;0;0;0;0;0;0;"cent_ad";NA
"DRB1*07";0,0510381925106232;0,0641766425615191;1,05236308490399;0,927977282175467;1,19342152414808;0,426452527793935;2278;3048;462;592;23;40;439;552;485;632;0,106453028972783;0,103674540682415;0,104862936537739;"ctrl_ad";NA
"DRB1*07";-0,0352667464042544;0,118119636320904;0,965347878834969;0,765840593335393;1,21682832600003;0,765269666345774;3048;419;592;85;40;6;552;79;632;91;0,103674540682415;0,108591885441527;0,10426882030574;"cent_ctrl";NA
"DRB1*07";0,0225238846447369;0,122978877929724;1,02277946259682;0,80371165185858;1,3015586207949;0,854678390760306;2278;419;462;85;23;6;439;79;485;91;0,106453028972783;0,108591885441527;0,10678531701891;"cent_ad";NA
"DRB1*07:01";0,0510381925106232;0,0641766425615191;1,05236308490399;0,927977282175467;1,19342152414808;0,426452527793935;2278;3048;462;592;23;40;439;552;485;632;0,106453028972783;0,103674540682415;0,104862936537739;"ctrl_ad";NA
"DRB1*07:01";-0,0352667464042544;0,118119636320904;0,965347878834969;0,765840593335393;1,21682832600003;0,765269666345774;3048;419;592;85;40;6;552;79;632;91;0,103674540682415;0,108591885441527;0,10426882030574;"cent_ctrl";NA
"DRB1*07:01";0,0225238846447369;0,122978877929724;1,02277946259682;0,80371165185858;1,3015586207949;0,854678390760306;2278;419;462;85;23;6;439;79;485;91;0,106453028972783;0,108591885441527;0,10678531701891;"cent_ad";NA
"DRB1*08";-0,180149616985265;0,112711863201945;0,835145250148756;0,669606623010057;1,0416079603734;0,109971794775772;2278;3048;131;206;3;3;128;203;134;209;0,0294117647058824;0,0342847769028871;0,0322005257228689;"ctrl_ad";NA
"DRB1*08";0,22136625961974;0,22442645290633;1,24778035844144;0,80371577331926;1,93719704726236;0,323954336627983;3048;419;206;23;3;0;203;23;209;23;0,0342847769028871;0,0274463007159905;0,0334583213152581;"cent_ctrl";NA
"DRB1*08";0,05676561829143;0,228900733289226;1,05840770991412;0,675785325666803;1,65766677354277;0,804140367940309;2278;419;131;23;3;0;128;23;134;23;0,0294117647058824;0,0274463007159905;0,0291064145346682;"cent_ad";NA
"DRB1*08:01";-0,217816593461658;0,11767477050072;0,804272937055604;0,63861140234208;1,01290856208914;0,0641688278118947;2278;3048;118;194;3;2;115;192;121;196;0,026558384547849;0,0321522309711286;0,0297596695456252;"ctrl_ad";NA
"DRB1*08:01";0,353595957209353;0,245257974876171;1,42417964069875;0,880637084707157;2,30320490041058;0,149378353210829;3048;419;194;19;2;0;192;19;196;19;0,0321522309711286;0,022673031026253;0,0310066339775022;"cent_ctrl";NA
"DRB1*08:01";0,145162254317398;0,248899779717534;1,15622715789742;0,70986439941325;1,88326283409135;0,559748116819895;2278;419;118;19;3;0;115;19;121;19;0,026558384547849;0,022673031026253;0,0259547645532073;"cent_ad";NA
"DRB1*08:02";NA;NA;NA;NA;NA;NA;2278;3048;0;0;0;0;0;0;0;0;0;0;0;"ctrl_ad";NA
"DRB1*08:02";NA;NA;NA;NA;NA;NA;3048;419;0;0;0;0;0;0;0;0;0;0;0;"cent_ctrl";NA
"DRB1*08:02";NA;NA;NA;NA;NA;NA;2278;419;0;0;0;0;0;0;0;0;0;0;0;"cent_ad";NA
"DRB1*08:03";0,380948044455698;0,487595681302091;1,46367155758174;0,562851477643558;3,80621622855621;0,434638686032367;2278;3048;9;8;0;0;9;8;9;8;0,00197541703248464;0,00131233595800525;0,00159594442358243;"ctrl_ad";NA
"DRB1*08:03";-1,02851541754235;0,679837793956347;0,357537360453833;0,0943260865769622;1,35522387029163;0,130309240201598;3048;419;8;3;0;0;8;3;8;3;0,00131233595800525;0,0035799522673031;0,00158638592443034;"cent_ctrl";NA
"DRB1*08:03";-0,628015023890628;0,670645907681901;0,533650032943035;0,143347861765146;1,98665228872877;0,349050244258285;2278;419;9;3;0;0;9;3;9;3;0,00197541703248464;0,0035799522673031;0,00222469410456062;"cent_ad";NA
"DRB1*08:04";-0,268788425859464;0,73191461398756;0,764304945704874;0,182074184233558;3,20837384216748;0,713439899917428;2278;3048;3;5;0;0;3;5;3;5;0,000658472344161545;0,000820209973753281;0,000751032669921142;"ctrl_ad";NA
"DRB1*08:04";-0,342354293202717;1,10027370069291;0,71009657774618;0,0821761022100685;6,13605581386478;0,755683737523204;3048;419;5;1;0;0;5;1;5;1;0,000820209973753281;0,00119331742243437;0,000865301413325642;"cent_ctrl";NA
"DRB1*08:04";-0,562067829795948;1,15674715009231;0,570029121107696;0,0590546351558795;5,50224716574956;0,62703537776807;2278;419;3;1;0;0;3;1;3;1;0,000658472344161545;0,00119331742243437;0,000741564701520208;"cent_ad";NA
"DRB1*08:10";11,8436338477573;196,967685674382;139195,381542399;3,02932579238274e-163;6,39592951390471e+172;0,952052230447669;2278;3048;1;0;0;0;1;0;1;0;0,000219490781387182;0;9,38790837401427e-05;"ctrl_ad";NA
"DRB1*08:10";NA;NA;NA;NA;NA;NA;3048;419;0;0;0;0;0;0;0;0;0;0;0;"cent_ctrl";NA
"DRB1*08:10";11,0314862469461;324,743709741347;61789,3468146319;2,30933694904553e-272;1,6532552260755e+281;0,972901214793304;2278;419;1;0;0;0;1;0;1;0;0,000219490781387182;0;0,000185391175380052;"cent_ad";NA
"DRB1*09";0,272337376408681;0,169045947146364;1,31302991190928;0,942713669797611;1,82881356747339;0,107174106756258;2278;3048;67;72;2;0;65;72;69;72;0,0151448639157155;0,0118110236220472;0,0132369508073601;"ctrl_ad";NA
"DRB1*09";-0,0156870834641903;0,342758083204588;0,984435317953377;0,502835134739968;1,92729749430721;0,963495788713732;3048;419;72;10;0;0;72;10;72;10;0,0118110236220472;0,0119331742243437;0,0118257859821171;"cent_ctrl";NA
"DRB1*09";0,254839182705401;0,336371156342422;1,29025410901243;0,667344894349064;2,49459564300299;0,448682656502439;2278;419;67;10;2;0;65;10;69;10;0,0151448639157155;0,0119331742243437;0,0146459028550241;"cent_ad";NA
"DRB1*09:01";0,272337376408681;0,169045947146364;1,31302991190928;0,942713669797611;1,82881356747339;0,107174106756258;2278;3048;67;72;2;0;65;72;69;72;0,0151448639157155;0,0118110236220472;0,0132369508073601;"ctrl_ad";NA
"DRB1*09:01";-0,0156870834641903;0,342758083204588;0,984435317953377;0,502835134739968;1,92729749430721;0,963495788713732;3048;419;72;10;0;0;72;10;72;10;0,0118110236220472;0,0119331742243437;0,0118257859821171;"cent_ctrl";NA
"DRB1*09:01";0,254839182705401;0,336371156342422;1,29025410901243;0,667344894349064;2,49459564300299;0,448682656502439;2278;419;67;10;2;0;65;10;69;10;0,0151448639157155;0,0119331742243437;0,0146459028550241;"cent_ad";NA
"DRB1*10";-0,0342612377738522;0,186293977006444;0,966319032628415;0,670724080688379;1,39218569856857;0,854084428384713;2278;3048;49;67;0;2;49;65;49;69;0,0107550482879719;0,0113188976377953;0,0110777318813368;"ctrl_ad";NA
"DRB1*10";0,428845912074615;0,421436344026355;1,53548441655963;0,672220194182214;3,50735133205235;0,308876786947902;3048;419;67;6;2;0;65;6;69;6;0,0113188976377953;0,00715990453460621;0,0108162676665705;"cent_ctrl";NA
"DRB1*10";0,447069496544288;0,437055159790377;1,56372296885285;0,66394323896581;3,68288940953265;0,306348882951337;2278;419;49;6;0;0;49;6;49;6;0,0107550482879719;0,00715990453460621;0,0101965146459029;"cent_ad";NA
"DRB1*10:01";-0,0342612377738522;0,186293977006444;0,966319032628415;0,670724080688379;1,39218569856857;0,854084428384713;2278;3048;49;67;0;2;49;65;49;69;0,0107550482879719;0,0113188976377953;0,0110777318813368;"ctrl_ad";NA
"DRB1*10:01";0,428845912074615;0,421436344026355;1,53548441655963;0,672220194182214;3,50735133205235;0,308876786947902;3048;419;67;6;2;0;65;6;69;6;0,0113188976377953;0,00715990453460621;0,0108162676665705;"cent_ctrl";NA
"DRB1*10:01";0,447069496544288;0,437055159790377;1,56372296885285;0,66394323896581;3,68288940953265;0,306348882951337;2278;419;49;6;0;0;49;6;49;6;0,0107550482879719;0,00715990453460621;0,0101965146459029;"cent_ad";NA
"DRB1*11";-0,0307525066940306;0,07690610028572;0,969715541484726;0,834027867215603;1,12747819150979;0,68925165296621;2278;3048;348;479;12;19;336;460;360;498;0,0790166812993854;0,0816929133858268;0,0805482538490424;"ctrl_ad";NA
"DRB1*11";-0,0696337533296215;0,140692563280131;0,932735368579685;0,707943367879346;1,22890517416042;0,620645604736067;3048;419;479;66;19;6;460;60;498;72;0,0816929133858268;0,0859188544152745;0,082203634265936;"cent_ctrl";NA
"DRB1*11";-0,0972549140519136;0,143217422799263;0,907324686838933;0,685257182184533;1,20135637940045;0,497092365165841;2278;419;348;66;12;6;336;60;360;72;0,0790166812993854;0,0859188544152745;0,0800889877641824;"cent_ad";NA
"DRB1*11:01";-0,00855799443582785;0,0833914833838315;0,991478520958129;0,841974709117783;1,16752872369686;0,918261138657023;2278;3048;288;397;10;8;278;389;298;405;0,0654082528533802;0,0664370078740158;0,0659969958693203;"ctrl_ad";NA
"DRB1*11:01";-0,163770120267824;0,150274580554728;0,848937152896357;0,63235249304546;1,13970340513224;0,275798666890085;3048;419;397;59;8;4;389;55;405;63;0,0664370078740158;0,0751789976133652;0,0674935102394001;"cent_ctrl";NA
"DRB1*11:01";-0,159349453187485;0,150684394902187;0,852698328749415;0,634644126945726;1,14567268328984;0,290281318731382;2278;419;288;59;10;4;278;55;298;63;0,0654082528533802;0,0751789976133652;0,0669262143121987;"cent_ad";NA
"DRB1*11:02";-0,10941866383836;0,485338130871769;0,896355067477894;0,346219815633234;2,32064246676289;0,821630528940974;2278;3048;7;11;0;0;7;11;7;11;0,00153643546971027;0,00180446194225722;0,00168982350732257;"ctrl_ad";NA
"DRB1*11:02";12,6295387934095;265,972470773508;305449,210514048;1,21506992796663e-221;7,67850623706775e+231;0,962127176485076;3048;419;11;0;0;0;11;0;11;0;0,00180446194225722;0;0,00158638592443034;"cent_ctrl";NA
"DRB1*11:02";12,9556142006642;332,913891317928;423205,942251302;1,75600803311705e-278;1,01994561630157e+289;0,968957510458877;2278;419;7;0;0;0;7;0;7;0;0,00153643546971027;0;0,00129773822766036;"cent_ad";NA
"DRB1*11:03";-0,0718947333620374;0,766302713609556;0,930628854825946;0,207246152010458;4,17894400949334;0,925251923489779;2278;3048;3;4;0;0;3;4;3;4;0,000658472344161545;0,000656167979002625;0,000657153586180999;"ctrl_ad";NA
"DRB1*11:03";-1,16216870146654;0,872418122023815;0,312807059614204;0,0565795186463113;1,72939358420759;0,182819602053437;3048;419;4;2;0;0;4;2;4;2;0,000656167979002625;0,00238663484486874;0,000865301413325642;"cent_ctrl";NA
"DRB1*11:03";-1,19791857437726;0,919373023096708;0,301821778151955;0,0497925602019595;1,82951801227572;0,192583850207141;2278;419;3;2;0;0;3;2;3;2;0,000658472344161545;0,00238663484486874;0,00092695587690026;"cent_ad";NA
"DRB1*11:04";-0,113238136515927;0,183782993480562;0,892937993652448;0,622847979423196;1,28014906823083;0,537794644700985;2278;3048;52;78;0;0;52;78;52;78;0,0114135206321334;0,0127952755905512;0,0122042808862186;"ctrl_ad";NA
"DRB1*11:04";0,452392762372374;0,402495509985991;1,5720692769968;0,714266999831626;3,46005319055733;0,261025875315742;3048;419;78;7;0;0;78;7;78;7;0,0127952755905512;0,00835322195704057;0,0122584366887799;"cent_ctrl";NA
"DRB1*11:04";0,319302126273063;0,410695919644356;1,3761670383223;0,615289816257555;3,0779571956576;0,436883868640322;2278;419;52;7;0;0;52;7;52;7;0,0114135206321334;0,00835322195704057;0,0109380793474231;"cent_ad";NA
"DRB1*12";0,13959315489365;0,157891341789584;1,14980591077664;0,843771230520206;1,56683895425283;0,376637380082328;2278;3048;78;87;0;1;78;86;78;88;0,0171202809482002;0,0144356955380577;0,0155839279008637;"ctrl_ad";NA
"DRB1*12";-0,11241974419116;0,299809378973418;0,893669066364291;0,496562398339785;1,60834650961616;0,707682228977928;3048;419;87;13;1;0;86;13;88;13;0,0144356955380577;0,0155131264916468;0,014565907124315;"cent_ctrl";NA
"DRB1*12";0,0209908720081925;0,30623023306501;1,02121272997355;0,560335042040166;1,86116405653116;0,945350965885865;2278;419;78;13;0;0;78;13;78;13;0,0171202809482002;0,0155131264916468;0,0168705969595847;"cent_ad";NA
"DRB1*12:01";0,13959315489365;0,157891341789584;1,14980591077664;0,843771230520206;1,56683895425283;0,376637380082328;2278;3048;78;87;0;1;78;86;78;88;0,0171202809482002;0,0144356955380577;0,0155839279008637;"ctrl_ad";NA
"DRB1*12:01";-0,11241974419116;0,299809378973418;0,893669066364291;0,496562398339785;1,60834650961616;0,707682228977928;3048;419;87;13;1;0;86;13;88;13;0,0144356955380577;0,0155131264916468;0,014565907124315;"cent_ctrl";NA
"DRB1*12:01";0,0209908720081925;0,30623023306501;1,02121272997355;0,560335042040166;1,86116405653116;0,945350965885865;2278;419;78;13;0;0;78;13;78;13;0,0171202809482002;0,0155131264916468;0,0168705969595847;"cent_ad";NA
"DRB1*12:02";NA;NA;NA;NA;NA;NA;2278;3048;0;0;0;0;0;0;0;0;0;0;0;"ctrl_ad";NA
"DRB1*12:02";NA;NA;NA;NA;NA;NA;3048;419;0;0;0;0;0;0;0;0;0;0;0;"cent_ctrl";NA
"DRB1*12:02";NA;NA;NA;NA;NA;NA;2278;419;0;0;0;0;0;0;0;0;0;0;0;"cent_ad";NA
"DRB1*13";0,015943746432545;0,0567850414791809;1,01607152615027;0,909050223581062;1,1356923077213;0,778883973732351;2278;3048;587;796;54;67;533;729;641;863;0,140693590869183;0,141568241469816;0,141194141945175;"ctrl_ad";NA
"DRB1*13";-0,0973350928539835;0,10394920021823;0,907251941548808;0,740021880275104;1,11227263326064;0,34908182605349;3048;419;796;118;67;10;729;108;863;128;0,141568241469816;0,152744630071599;0,142918950100952;"cent_ctrl";NA
"DRB1*13";-0,0804883941561707;0,106090634192315;0,922665611834615;0,749442233963857;1,13592721717789;0,44804653148602;2278;419;587;118;54;10;533;108;641;128;0,140693590869183;0,152744630071599;0,14256581386726;"cent_ad";NA
"DRB1*13:01";-0,00325516224162518;0,0751602265837808;0,996750130054999;0,860218195389426;1,15495211225437;0,965454708034838;2278;3048;332;447;13;15;319;432;345;462;0,0757243195785777;0,0757874015748032;0,0757604205782952;"ctrl_ad";NA
"DRB1*13:01";0,000298806372176818;0,142331448432342;1,00029885101925;0,756788972512371;1,32216222446882;0,998324946324041;3048;419;447;62;15;1;432;61;462;63;0,0757874015748032;0,0751789976133652;0,0757138736659937;"cent_ctrl";NA
"DRB1*13:01";-0,000751283963890997;0,144946953366481;0,999248998179245;0,752129086215539;1,32756275307253;0,995864451251627;2278;419;332;62;13;1;319;61;345;63;0,0757243195785777;0,0751789976133652;0,0756395995550612;"cent_ad";NA
"DRB1*13:02";0,0519781777202684;0,0865101701367751;1,05335275570406;0,889067822370429;1,2479948098797;0,54795112455525;2278;3048;259;346;6;11;253;335;265;357;0,0581650570676032;0,0585629921259843;0,0583927900863688;"ctrl_ad";NA
"DRB1*13:02";-0,0723893424748885;0,158260008320284;0,930168671128573;0,682100031062028;1,26845582370369;0,64737804872227;3048;419;346;50;11;2;335;48;357;52;0,0585629921259843;0,0620525059665871;0,0589847130083646;"cent_ctrl";NA
"DRB1*13:02";-0,0241132629514284;0,161999251617049;0,976175139018887;0,710609805832022;1,34098614206824;0,881673582021678;2278;419;259;50;6;2;253;48;265;52;0,0581650570676032;0,0620525059665871;0,0587690025954765;"cent_ad";NA
"DRB1*13:03";-0,0783580736975146;0,2366510263659;0,924633280402157;0,581471054609175;1,47031687381566;0,740559635410719;2278;3048;31;44;0;0;31;44;31;44;0,00680421422300263;0,00721784776902887;0,0070409312805107;"ctrl_ad";NA
"DRB1*13:03";-0,765527201724982;0,321552230969167;0,465088670779691;0,247642383770973;0,873467087474281;0,0172786395311354;3048;419;44;13;0;0;44;13;44;13;0,00721784776902887;0,0155131264916468;0,0082203634265936;"cent_ctrl";NA
"DRB1*13:03";-0,831284985317506;0,335993625215952;0,435489329236269;0,2254104107081;0,841358459367026;0,0133568789864449;2278;419;31;13;0;0;31;13;31;13;0,00680421422300263;0,0155131264916468;0,00815721171672228;"cent_ad";NA
"DRB1*13:05";NA;NA;NA;NA;NA;NA;2278;3048;0;0;0;0;0;0;0;0;0;0;0;"ctrl_ad";NA
"DRB1*13:05";NA;NA;NA;NA;NA;NA;3048;419;0;0;0;0;0;0;0;0;0;0;0;"cent_ctrl";NA
"DRB1*13:05";NA;NA;NA;NA;NA;NA;2278;419;0;0;0;0;0;0;0;0;0;0;0;"cent_ad";NA
"DRB1*14";0,107529108969212;0,11436340498921;1,11352327378947;0,88992048333962;1,3933088455473;0,347094194528394;2278;3048;140;166;2;6;138;160;142;172;0,0311676909569798;0,0282152230971129;0,0294780322944048;"ctrl_ad";NA
"DRB1*14";-0,0224119603182971;0,218118084639704;0,977837321890423;0,637676991847572;1,4994516664487;0,918160199030447;3048;419;166;24;6;0;160;24;172;24;0,0282152230971129;0,0286396181384248;0,0282665128353043;"cent_ctrl";NA
"DRB1*14";0,0837897300162381;0,225837984307394;1,08740022214122;0,698477216041214;1,69288162298913;0,710624874441508;2278;419;140;24;2;0;138;24;142;24;0,0311676909569798;0,0286396181384248;0,0307749351130886;"cent_ad";NA
"DRB1*14:01";0,107529108969212;0,11436340498921;1,11352327378947;0,88992048333962;1,3933088455473;0,347094194528394;2278;3048;140;166;2;6;138;160;142;172;0,0311676909569798;0,0282152230971129;0,0294780322944048;"ctrl_ad";NA
"DRB1*14:01";-0,0224119603182971;0,218118084639704;0,977837321890423;0,637676991847572;1,4994516664487;0,918160199030447;3048;419;166;24;6;0;160;24;172;24;0,0282152230971129;0,0286396181384248;0,0282665128353043;"cent_ctrl";NA
"DRB1*14:01";0,0837897300162381;0,225837984307394;1,08740022214122;0,698477216041214;1,69288162298913;0,710624874441508;2278;419;140;24;2;0;138;24;142;24;0,0311676909569798;0,0286396181384248;0,0307749351130886;"cent_ad";NA
"DRB1*14:06";NA;NA;NA;NA;NA;NA;2278;3048;0;0;0;0;0;0;0;0;0;0;0;"ctrl_ad";NA
"DRB1*14:06";NA;NA;NA;NA;NA;NA;3048;419;0;0;0;0;0;0;0;0;0;0;0;"cent_ctrl";NA
"DRB1*14:06";NA;NA;NA;NA;NA;NA;2278;419;0;0;0;0;0;0;0;0;0;0;0;"cent_ad";NA
"DRB1*15";-0,193693409310128;0,08074265052469;0,823910468828658;0,703315987125842;0,965182752946576;0,0164444799999557;2278;3048;586;864;42;74;544;790;628;938;0,13784021071115;0,153871391076115;0,147014645137063;"ctrl_ad";NA
"DRB1*15";0,0267188827878445;0,153079942252582;1,02707903258195;0,760850947706826;1,38646254216924;0,861439508079339;3048;419;864;110;74;10;790;100;938;120;0,153871391076115;0,143198090692124;0,152581482549755;"cent_ctrl";NA
"DRB1*15";-0,167003770255272;0,151936466955809;0,846196420954657;0,628261218804255;1,1397303564261;0,271694599360241;2278;419;586;110;42;10;544;100;628;120;0,13784021071115;0,143198090692124;0,138672599184279;"cent_ad";NA
"DRB1*15:01";-0,239081330869942;0,0828330778724791;0,78735084383949;0,669359386528356;0,926141268459667;0,00389797141034657;2278;3048;572;853;37;72;535;781;609;925;0,133669885864794;0,151738845144357;0,144010514457379;"ctrl_ad";NA
"DRB1*15:01";0,0327347053900186;0,155550133172552;1,03327638022216;0,761744900472657;1,40159793293338;0,833320586655581;3048;419;853;108;72;10;781;98;925;118;0,151738845144357;0,140811455847255;0,150418229016441;"cent_ctrl";NA
"DRB1*15:01";-0,20845295303898;0,156781575614635;0,81183922837262;0,597055717234331;1,1038884876233;0,183658151148505;2278;419;572;108;37;10;535;98;609;118;0,133669885864794;0,140811455847255;0,134779384501298;"cent_ad";NA
"DRB1*15:02";0,665945470125327;0,361871452353331;1,94632984841112;0,957602440208431;3,95592128816162;0,0657268668722159;2278;3048;19;13;0;0;19;13;19;13;0,00417032484635645;0,00213254593175853;0,00300413067968457;"ctrl_ad";NA
"DRB1*15:02";-0,13049758569932;0,763225929065204;0,877658611877964;0,196632179093961;3,91738850961659;0,864238238569965;3048;419;13;2;0;0;13;2;13;2;0,00213254593175853;0,00238663484486874;0,0021632535333141;"cent_ctrl";NA
"DRB1*15:02";0,554112399271251;0,746756783137843;1,74039552266466;0,402713094182907;7,52142559818402;0,458072028686537;2278;419;19;2;0;0;19;2;19;2;0,00417032484635645;0,00238663484486874;0,00389321468298109;"cent_ad";NA
"DRB1*15:03";NA;NA;NA;NA;NA;NA;2278;3048;0;0;0;0;0;0;0;0;0;0;0;"ctrl_ad";NA
"DRB1*15:03";NA;NA;NA;NA;NA;NA;3048;419;0;0;0;0;0;0;0;0;0;0;0;"cent_ctrl";NA
"DRB1*15:03";NA;NA;NA;NA;NA;NA;2278;419;0;0;0;0;0;0;0;0;0;0;0;"cent_ad";NA
"DRB1*16";0,387764033005507;0,17395238795976;1,47368200294422;1,04793058980605;2,07240695798721;0,0258046650292053;2278;3048;70;65;1;0;69;65;71;65;0,0155838454784899;0,0106627296587927;0,0127675553886594;"ctrl_ad";NA
"DRB1*16";-0,386232913017422;0,310397060434843;0,679612216712855;0,369867238917385;1,24875284022797;0,213382236458439;3048;419;65;13;0;0;65;13;65;13;0,0106627296587927;0,0155131264916468;0,0112489183732333;"cent_ctrl";NA
"DRB1*16";-0,000559475275782872;0,305372962661651;0,999440681201326;0,549311017168423;1,81842643606383;0,998538192670767;2278;419;70;13;1;0;69;13;71;13;0,0155838454784899;0,0155131264916468;0,0155728587319244;"cent_ad";NA
"DRB1*16:01";0,385421121426998;0,179684933992631;1,47023333785272;1,03379722634069;2,09091881140449;0,0319542094999561;2278;3048;67;62;0;0;67;62;67;62;0,0147058823529412;0,0101706036745407;0,0121104018024784;"ctrl_ad";NA
"DRB1*16:01";-0,350769395660195;0,321944552304817;0,704146114284202;0,37464337025008;1,32344995169826;0,275918661827153;3048;419;62;12;0;0;62;12;62;12;0,0101706036745407;0,0143198090692124;0,0106720507643496;"cent_ctrl";NA
"DRB1*16:01";0,0276933782875836;0,320810866906013;1,02808040431396;0,548210511432984;1,92799899982137;0,931209601285707;2278;419;67;12;0;0;67;12;67;12;0,0147058823529412;0,0143198090692124;0,0146459028550241;"cent_ad";NA
"DRB1*16:02";0,518584287779322;0,767279008474587;1,679648067399;0,373333719558155;7,55682512058148;0,49912035258826;2278;3048;4;3;0;0;4;3;4;3;0,000877963125548727;0,000492125984251968;0,000657153586180999;"ctrl_ad";NA
"DRB1*16:02";-0,906172291268686;1,15835383849295;0,404067922048949;0,0417295480525179;3,91259654725889;0,434042302413204;3048;419;3;1;0;0;3;1;3;1;0,000492125984251968;0,00119331742243437;0,000576867608883761;"cent_ctrl";NA
"DRB1*16:02";-0,395184440421716;1,12320955667689;0,673555796876337;0,0745209361067681;6,08791884814384;0,724962004446319;2278;419;4;1;0;0;4;1;4;1;0,000877963125548727;0,00119331742243437;0,00092695587690026;"cent_ad";NA
