Haplotype	Feature	Outcome variable	Beta	SE	Std. Beta	P	FDR P	N
Hap-B	rs35472547	HLA class II load	0.00336843064105336	0.1986811330256	0.00138995732588546	0.986512621655069	0.354181199329323	95
Hap-B	rs35472547	CD11c load	-0.277824937608394	0.208915319286309	-0.143127061752924	0.187045509111841	0.232667039309848	96
Hap-B	rs35472547	CD68 load	-0.0191443519442064	0.0657881378323758	-0.0320975271585611	0.771743891810162	0.354181199329323	96
Hap-B	rs35472547	Iba1 load	-0.28912004272158	0.259382802123655	-0.120455141014878	0.268071810661566	0.276423742424475	96
Hap-B	rs35472547	P2RY12 load	-0.190158392283026	0.159018751669176	-0.131859898070542	0.235211959530613	0.262751800667349	91
Hap-B	rs35472547	CERAD score	-0.0827430438098068	0.211175573209212	-0.0404648248798508	0.69614853438623	0.341914876091402	96
Hap-B	rs35472547	Braak NFT stage (100+)	-0.228285456193287	0.189515650794621	-0.11609637107874	0.231634849566754	0.341914876091402	96
Hap-B	rs35472547	Thal Aβ phase	-0.0308100337313273	0.34860557192115	-0.0100947882176182	0.929789525639359	0.353884920191138	91
Hap-B	rs35472547	Aβ load	0.108063962645437	0.757219537851006	0.0164487142503894	0.886876832063421	0.353884920191138	89
Hap-B	rs35472547	Aβ40 load	-0.0265222971689827	0.277695074254796	-0.0101073407309447	0.924130424679051	0.353884920191138	96
Hap-B	rs35472547	Aβ42 load	-0.255948665105583	0.728729075454539	-0.0352948811052634	0.726267882831326	0.341914876091402	96
Hap-B	rs35472547	pTau217 load	-0.121764884834691	0.0897508377743783	-0.138493347955566	0.178469150606105	0.341914876091402	94
Hap-B	rs35472547	AT8 load	-2.46966419921524	2.69850369923645	-0.0939563047820518	0.362646921767899	0.341914876091402	95
Hap-B	rs35472547	GT-38 load	-0.0304696449519247	0.049283737485423	-0.0461030545011725	0.538124389899454	0.341914876091402	91
Hap-B	rs35472547	Braak amyloid-β stage	-0.141272841058517	0.0709341257934337	-0.0677083217134061	0.0467760661084604	0.0928770393981265	761
Hap-B	rs35472547	Braak NFT stage (NBB)	-0.370973956385028	0.136826549058419	-0.0921749229151592	0.00685571993367991	0.0440188767789063	761
Hap-B	rs35472547	Braak α-synuclein stage	-0.0964057558272206	0.0545158735371796	-0.0636118398545125	0.0774003245591018	0.117522732671289	761
Hap-B	rs35472547	Braak amyloid-β stage corrected for: Braak NFT stage (NBB)	0.0129181207118994	0.042631297879977	0.00619131226172199	0.761958919231235	0.317225352357486	761
Hap-B	rs35472547	Braak NFT stage (NBB) corrected for: Braak amyloid-β stage	-0.1524975818164	0.0820488345112353	-0.0378906729346949	0.0634726068641408	0.102398683618181	761
Hap-B	DR4	HLA class II load	-0.388738319041937	0.162782459079352	-0.196058902010975	0.0192347290832699	0.0736691359994271	91
Hap-B	DR4	CD11c load	-0.0846301681125094	0.175125068196402	-0.0537319167229717	0.630186637099216	0.35122007567079	92
Hap-B	DR4	CD68 load	0.049906731115692	0.0556962738317743	0.102147133903793	0.372816723467098	0.295729756439151	92
Hap-B	DR4	Iba1 load	-0.0203097136729294	0.208768474360356	-0.0110479479450235	0.92273584819126	0.354181199329323	92
Hap-B	DR4	P2RY12 load	-0.120458751869939	0.131991759853767	-0.102934588814399	0.364252904395082	0.295729756439151	87
Hap-B	DR4	CERAD score	0.372632116850765	0.174152659906107	0.223484285351933	0.0353165282520316	0.341914876091402	92
Hap-B	DR4	Braak NFT stage (100+)	-0.15028382709436	0.161245782913357	-0.0932533081727254	0.354030900448738	0.341914876091402	92
Hap-B	DR4	Thal Aβ phase	0.3889984582563	0.2929933324736	0.158102332270393	0.188159711716619	0.341914876091402	87
Hap-B	DR4	Aβ load	0.196026017947747	0.659258077961328	0.0362047535510445	0.7670156038508	0.341914876091402	85
Hap-B	DR4	Aβ40 load	0.146502905021645	0.235539766810836	0.0683434696506167	0.535654636853639	0.341914876091402	92
Hap-B	DR4	Aβ42 load	0.633606564678377	0.609697439146597	0.107525548563586	0.301722795299072	0.341914876091402	92
Hap-B	DR4	pTau217 load	0.00298056823023974	0.0780576251945429	0.00415060832341899	0.96963476920429	0.353884920191138	90
Hap-B	DR4	AT8 load	-0.772597971363675	2.32433649890154	-0.0357580701292597	0.74043919127424	0.341914876091402	91
Hap-B	DR4	GT-38 load	-0.0259708167395428	0.0427421250215073	-0.0478094308277995	0.545206911358083	0.341914876091402	87
Hap-B	DR4	Braak amyloid-β stage	-0.108082028869421	0.0569430511639611	-0.0658677795713395	0.058086237606994	0.0999562624764253	730
Hap-B	DR4	Braak NFT stage (NBB)	-0.343027926813357	0.109571330975845	-0.10829334243745	0.00181479609332686	0.0418886717763433	730
Hap-B	DR4	Braak α-synuclein stage	-0.0849182326924807	0.0438603222110959	-0.0709980318217803	0.0532457914473747	0.098171464992804	730
Hap-B	DR4	Braak amyloid-β stage corrected for: Braak NFT stage (NBB)	0.0350045535341521	0.0342179346968981	0.0213326141292764	0.306657346582876	0.263851847599019	730
Hap-B	DR4	Braak NFT stage (NBB) corrected for: Braak amyloid-β stage	-0.176097568083558	0.0655628596046456	-0.0555937075445494	0.00739962295715559	0.0440188767789063	730
Hap-B	DRB1*04:01	HLA class II load	0.423051763713404	0.367808542493734	0.101226857652016	0.253406669327357	0.271753768166216	91
Hap-B	DRB1*04:01	CD11c load	0.27770799388304	0.385635189357743	0.0832961194769847	0.473467248597785	0.326197341278694	92
Hap-B	DRB1*04:01	CD68 load	0.070961935984075	0.123202971229545	0.0686154277520959	0.566190020970432	0.346277880681397	92
Hap-B	DRB1*04:01	Iba1 load	-0.0702202927265111	0.460468137720749	-0.0180455329505753	0.879164575961324	0.354181199329323	92
Hap-B	DRB1*04:01	P2RY12 load	-0.215593644675083	0.300079059768975	-0.0860310915797464	0.474622747803129	0.326197341278694	87
Hap-B	DRB1*04:01	CERAD score	-0.202944996659957	0.393973349328051	-0.0575008565862829	0.607835830631965	0.341914876091402	92
Hap-B	DRB1*04:01	Braak NFT stage (100+)	-0.0205095047876606	0.357529015403309	-0.00601224173819655	0.954392648085023	0.353884920191138	92
Hap-B	DRB1*04:01	Thal Aβ phase	-0.266957366173082	0.641893462610419	-0.0523005664366206	0.678632191906695	0.341914876091402	87
Hap-B	DRB1*04:01	Aβ load	0.778935013764888	1.45033594333178	0.0657501326967029	0.592786725722988	0.341914876091402	85
Hap-B	DRB1*04:01	Aβ40 load	0.210652449163603	0.520255011611189	0.0464244276713015	0.686590992689659	0.341914876091402	92
Hap-B	DRB1*04:01	Aβ42 load	0.475920860787075	1.35259779903128	0.038155398945387	0.725837338659721	0.341914876091402	92
Hap-B	DRB1*04:01	pTau217 load	-0.107488716286451	0.16849797156758	-0.0711915554101741	0.525323206384374	0.341914876091402	90
Hap-B	DRB1*04:01	AT8 load	-2.67964339420726	5.07724891121875	-0.0588397125185077	0.599081003107003	0.341914876091402	91
Hap-B	DRB1*04:01	GT-38 load	0.0528667564762151	0.0961826769283457	0.0440620092977822	0.584130207937984	0.341914876091402	87
Hap-B	DRB1*04:01	Braak amyloid-β stage	-0.146448215103019	0.0910900414354311	-0.056057027824756	0.10833266702564	0.147174935779165	730
Hap-B	DRB1*04:01	Braak NFT stage (NBB)	-0.362831262336583	0.175823460392069	-0.0719454658655538	0.0394124434808157	0.0924844454095082	730
Hap-B	DRB1*04:01	Braak α-synuclein stage	-0.170110806954888	0.0700084542372373	-0.0893313128912678	0.0153480584753292	0.0440188767789063	730
Hap-B	DRB1*04:01	Braak amyloid-β stage corrected for: Braak NFT stage (NBB)	0.0044276950771471	0.0545301546137214	0.00169482042484828	0.935307734164517	0.33071941135812	730
Hap-B	DRB1*04:01	Braak NFT stage (NBB) corrected for: Braak amyloid-β stage	-0.135943467943956	0.105133292272184	-0.0269561009424098	0.196406236889154	0.211238003347364	730
Hap-B	DQA1*03:01	HLA class II load	0.007629954612173	0.230579073339916	0.00260829399170686	0.973679174938555	0.354181199329323	95
Hap-B	DQA1*03:01	CD11c load	-0.233467238523146	0.244009604907959	-0.0995633956810338	0.341321833525778	0.295729756439151	96
Hap-B	DQA1*03:01	CD68 load	-0.000884007955807364	0.0765065048946725	-0.00122690320882114	0.99080736211374	0.354181199329323	96
Hap-B	DQA1*03:01	Iba1 load	-0.0236096666282678	0.303630259278303	-0.00814254597143447	0.938199152005783	0.354181199329323	96
Hap-B	DQA1*03:01	P2RY12 load	-0.105312316755195	0.183834084216679	-0.0612277127941194	0.56830291625876	0.346277880681397	91
Hap-B	DQA1*03:01	CERAD score	0.193138472758829	0.244803892483103	0.0781876551061731	0.432284915600787	0.341914876091402	96
Hap-B	DQA1*03:01	Braak NFT stage (100+)	-0.157196555518228	0.221474069673025	-0.0661769351516038	0.479742293321698	0.341914876091402	96
Hap-B	DQA1*03:01	Thal Aβ phase	0.425597535295586	0.399805111512254	0.11590831600327	0.290221227613106	0.341914876091402	91
Hap-B	DQA1*03:01	Aβ load	0.455593502133904	0.880805515919186	0.0570851532478416	0.606411371940801	0.341914876091402	89
Hap-B	DQA1*03:01	Aβ40 load	0.148314068991506	0.322406089379032	0.0467876619143478	0.646647665041912	0.341914876091402	96
Hap-B	DQA1*03:01	Aβ42 load	0.393211835631446	0.846595297248182	0.0448857678939356	0.643476599654169	0.341914876091402	96
Hap-B	DQA1*03:01	pTau217 load	-0.0407524817890633	0.10510702414081	-0.038429850492275	0.699189773156831	0.341914876091402	94
Hap-B	DQA1*03:01	AT8 load	0.115548433749212	3.14380814894769	0.00364177251388569	0.970766102064659	0.353884920191138	95
Hap-B	DQA1*03:01	GT-38 load	0.00971019052149279	0.0571232746302255	0.0123186094992096	0.865439373722584	0.353884920191138	91
Hap-B	DQA1*03:01	Braak amyloid-β stage	-0.214472480188757	0.0868308669440743	-0.084104326667027	0.0137335781827307	0.0440188767789063	757
Hap-B	DQA1*03:01	Braak NFT stage (NBB)	-0.495059501881302	0.16764564817335	-0.100551630675906	0.00324562667919004	0.0418886717763433	757
Hap-B	DQA1*03:01	Braak α-synuclein stage	-0.164890389410949	0.0661474713024636	-0.0895718746287602	0.012890626134333	0.0440188767789063	757
Hap-B	DQA1*03:01	Braak amyloid-β stage corrected for: Braak NFT stage (NBB)	-0.00891461536670354	0.0522418449772842	-0.00349582250483732	0.864552105478193	0.323422405464637	757
Hap-B	DQA1*03:01	Braak NFT stage (NBB) corrected for: Braak amyloid-β stage	-0.163100411644609	0.100689156621869	-0.0331273559894403	0.105689083720321	0.147174935779165	757
Hap-B	DQB1*03:02	HLA class II load	-0.010685129203271	0.231282732707009	-0.00373042308902749	0.963259671405905	0.354181199329323	94
Hap-B	DQB1*03:02	CD11c load	-0.177375782210884	0.245461601182938	-0.076996327969548	0.471873142604683	0.326197341278694	95
Hap-B	DQB1*03:02	CD68 load	0.00398992080616469	0.0767329342404834	0.00564165762031639	0.958651273811071	0.354181199329323	95
Hap-B	DQB1*03:02	Iba1 load	-0.114137666942589	0.304547969133105	-0.0400684172852937	0.708748704980995	0.354181199329323	95
Hap-B	DQB1*03:02	P2RY12 load	-0.123045831436351	0.184721853018132	-0.0727986608105364	0.50723088440503	0.326197341278694	90
Hap-B	DQB1*03:02	CERAD score	0.161179054994137	0.244020366163776	0.0667879205689854	0.510688939035912	0.341914876091402	95
Hap-B	DQB1*03:02	Braak NFT stage (100+)	-0.202073402327386	0.221548505118423	-0.0867233210677764	0.364268156727115	0.341914876091402	95
Hap-B	DQB1*03:02	Thal Aβ phase	0.291266757410247	0.401567163683897	0.0807362985393008	0.470342934413918	0.341914876091402	90
Hap-B	DQB1*03:02	Aβ load	0.35829930637013	0.871064102539858	0.0461308401346396	0.681940549952024	0.341914876091402	88
Hap-B	DQB1*03:02	Aβ40 load	0.131911342998919	0.316425366321871	0.0429940403831007	0.677805071872772	0.341914876091402	95
Hap-B	DQB1*03:02	Aβ42 load	0.260274856376201	0.848139799400122	0.0302611903058488	0.759678577920817	0.341914876091402	95
Hap-B	DQB1*03:02	pTau217 load	-0.0596333444357696	0.104933808233502	-0.0573683961850647	0.57135086987098	0.341914876091402	93
Hap-B	DQB1*03:02	AT8 load	-0.593185581092407	3.15385747804111	-0.0190465350765681	0.851260226210306	0.353884920191138	94
Hap-B	DQB1*03:02	GT-38 load	-0.00852454865091139	0.0574816407240634	-0.0110030379448404	0.882474291038209	0.353884920191138	90
Hap-B	DQB1*03:02	Braak amyloid-β stage	-0.168174733210573	0.0840502325387826	-0.0680735063372677	0.0457648783352305	0.0928770393981265	760
Hap-B	DQB1*03:02	Braak NFT stage (NBB)	-0.405373987269671	0.162149420470624	-0.0851070971232914	0.0126317232442429	0.0440188767789063	760
Hap-B	DQB1*03:02	Braak α-synuclein stage	-0.147168551481662	0.0645077598678633	-0.0820097172927461	0.0228037518164261	0.0588619067764037	760
Hap-B	DQB1*03:02	Braak amyloid-β stage corrected for: Braak NFT stage (NBB)	0.000268844725378216	0.0504893207417167	0.000108822548829971	0.995752875024646	0.342703331591352	760
Hap-B	DQB1*03:02	Braak NFT stage (NBB) corrected for: Braak amyloid-β stage	-0.145290792369479	0.0972590454401158	-0.0305033819772045	0.135634976671177	0.171468196531235	760
Hap-R	rs9469112	HLA class II load	-0.536876227239974	0.196931635352304	-0.204681376951274	0.00776280164905321	0.0346868435700734	95
Hap-R	rs9469112	CD11c load	0.30625302675268	0.213954931947913	0.147696047721665	0.1559009413201	0.212649924013234	96
Hap-R	rs9469112	CD68 load	-0.00230590974482134	0.0675138339723949	-0.00361918817353218	0.972832088788392	0.354181199329323	96
Hap-R	rs9469112	Iba1 load	0.401553458764344	0.264471024858744	0.156613237042226	0.132557717373783	0.209051668582046	96
Hap-R	rs9469112	P2RY12 load	0.148550579846169	0.165706405485774	0.094908518371974	0.372626891133627	0.295729756439151	91
Hap-R	rs9469112	CERAD score	0.268160409473131	0.214887348733172	0.122766192423657	0.215411733630948	0.341914876091402	96
Hap-R	rs9469112	Braak NFT stage (100+)	0.305647306473998	0.193249357489468	0.145512039507406	0.11736490271129	0.341914876091402	96
Hap-R	rs9469112	Thal Aβ phase	0.474488082879545	0.355997151509871	0.144052968822054	0.186275131044635	0.341914876091402	91
Hap-R	rs9469112	Aβ load	-0.0158002851382097	0.782005058836664	-0.00225086873600857	0.983930277732352	0.353884920191138	89
Hap-R	rs9469112	Aβ40 load	0.224600035486563	0.283837998787333	0.0801260150659796	0.43092297208833	0.341914876091402	96
Hap-R	rs9469112	Aβ42 load	0.321633729544323	0.747220292432277	0.0415201004153664	0.667939832924187	0.341914876091402	96
Hap-R	rs9469112	pTau217 load	0.0912112269174638	0.0943444577710729	0.0959151824169401	0.336392049586238	0.341914876091402	94
Hap-R	rs9469112	AT8 load	2.35642586392595	2.76680097302478	0.0839720553450852	0.39675776048124	0.341914876091402	95
Hap-R	rs9469112	GT-38 load	0.022383317154008	0.0523345436758405	0.0312047249033283	0.669993010572973	0.341914876091402	91
Hap-R	rs9469112	Braak amyloid-β stage	0.0199753688867329	0.0655888676456539	0.0103494543554684	0.760790036915835	0.317225352357486	761
Hap-R	rs9469112	Braak NFT stage (NBB)	0.068184034825788	0.12678263712233	0.018314342590607	0.59087264995632	0.317225352357486	761
Hap-R	rs9469112	Braak α-synuclein stage	0.0744191819839139	0.0503096645464202	0.0530834523867851	0.139500207616778	0.171468196531235	761
Hap-R	rs9469112	Braak amyloid-β stage corrected for: Braak NFT stage (NBB)	-0.00834472061409988	0.0391352655775348	-0.00432348987367754	0.831207350635811	0.323422405464637	761
Hap-R	rs9469112	Braak NFT stage (NBB) corrected for: Braak amyloid-β stage	0.0371837254325988	0.0756381916294883	0.00998760909511503	0.62314606966422	0.317225352357486	761
Hap-R	DR1	HLA class II load	-0.54617163468394	0.266254045540723	-0.166516290527277	0.0434282182066675	0.116431248373743	91
Hap-R	DR1	CD11c load	0.481280774586015	0.277387281976876	0.189252339691026	0.0864437462361373	0.147615264331617	92
Hap-R	DR1	CD68 load	-0.00277549298114671	0.0901111832894026	-0.00351838052955655	0.975502378117042	0.354181199329323	92
Hap-R	DR1	Iba1 load	0.0612207207295687	0.336099157725229	0.0206258507570005	0.855908549861074	0.354181199329323	92
Hap-R	DR1	P2RY12 load	-0.0314759840344985	0.210832535127833	-0.0169679833612202	0.88170716937903	0.354181199329323	87
Hap-R	DR1	CERAD score	0.234179538822123	0.286891410520676	0.0869863819624871	0.416684898854796	0.341914876091402	92
Hap-R	DR1	Braak NFT stage (100+)	0.341937997588637	0.258270972545322	0.131411986287567	0.189154171872711	0.341914876091402	92
Hap-R	DR1	Thal Aβ phase	0.592383215624843	0.458624144788823	0.151712221281406	0.20029172515595	0.341914876091402	87
Hap-R	DR1	Aβ load	-0.178156410451615	1.02979361582255	-0.0208542794808051	0.863109735700616	0.353884920191138	85
Hap-R	DR1	Aβ40 load	0.327575804547506	0.378431294684849	0.094645118097907	0.389196515078314	0.341914876091402	92
Hap-R	DR1	Aβ42 load	0.453646048465271	0.986810890293978	0.047680933037271	0.646926861620136	0.341914876091402	92
Hap-R	DR1	pTau217 load	0.041275355111057	0.126786066400568	0.0348157149579098	0.745603425395778	0.341914876091402	90
Hap-R	DR1	AT8 load	2.25444364431644	3.70367845270619	0.0648636389273884	0.544403298041254	0.341914876091402	91
Hap-R	DR1	GT-38 load	-0.00092109854325875	0.0713801094444345	-0.00100619290285581	0.989737224971088	0.353884920191138	87
Hap-R	DR1	Braak amyloid-β stage	0.0821084266470816	0.0724125523528372	0.0394216412713007	0.25721485377673	0.245452751130917	730
Hap-R	DR1	Braak NFT stage (NBB)	0.159062112637467	0.139933033928961	0.0395609272680965	0.256041196513693	0.245452751130917	730
Hap-R	DR1	Braak α-synuclein stage	0.0215431802410381	0.0558253182406903	0.0141900071337853	0.699682207803706	0.317225352357486	730
Hap-R	DR1	Braak amyloid-β stage corrected for: Braak NFT stage (NBB)	0.0160058071541153	0.0432173666438855	0.00768465812405844	0.711226395225968	0.317225352357486	730
Hap-R	DR1	Braak NFT stage (NBB) corrected for: Braak amyloid-β stage	0.0316377577852457	0.0835146717832544	0.00786874393854204	0.70492688198648	0.317225352357486	730
Hap-R	DRB1*01:01	HLA class II load	-0.52659955136116	0.279821073162908	-0.155710417093055	0.0633952844547546	0.126442917393246	91
Hap-R	DRB1*01:01	CD11c load	0.544033326146672	0.289558059608852	0.208012088834583	0.0637766051666219	0.126442917393246	92
Hap-R	DRB1*01:01	CD68 load	0.0223260139311615	0.094317377700543	0.0275190979316837	0.81346379357855	0.354181199329323	92
Hap-R	DRB1*01:01	Iba1 load	0.07546363642251	0.351877098450051	0.0247213104788783	0.830714215025622	0.354181199329323	92
Hap-R	DRB1*01:01	P2RY12 load	-0.0338769804599847	0.220913344566823	-0.0177181222977651	0.878518600021207	0.354181199329323	87
Hap-R	DRB1*01:01	CERAD score	0.363842272075862	0.298929791413424	0.131412235489862	0.226996737216324	0.341914876091402	92
Hap-R	DRB1*01:01	Braak NFT stage (100+)	0.325165546011349	0.270915714045385	0.121510124237784	0.233458314536157	0.341914876091402	92
Hap-R	DRB1*01:01	Thal Aβ phase	0.793673597817071	0.476023244197965	0.19773034574611	0.0994652514581007	0.341914876091402	87
Hap-R	DRB1*01:01	Aβ load	0.0269990519732545	1.07429379813432	0.00307496936388903	0.980015622186071	0.353884920191138	85
Hap-R	DRB1*01:01	Aβ40 load	0.447990354893617	0.394962224821277	0.125856425224131	0.259950292677378	0.341914876091402	92
Hap-R	DRB1*01:01	Aβ42 load	0.815263688701741	1.03065272600106	0.0833193819238236	0.431188711552349	0.341914876091402	92
Hap-R	DRB1*01:01	pTau217 load	0.0554246993983853	0.132982021570389	0.0453454870311394	0.677939302087568	0.341914876091402	90
Hap-R	DRB1*01:01	AT8 load	2.45358500860168	3.87587880096345	0.0686467514709219	0.528469280495989	0.341914876091402	91
Hap-R	DRB1*01:01	GT-38 load	0.000945605795592185	0.0750438888812551	0.000999123095845755	0.989978533390166	0.353884920191138	87
Hap-R	DRB1*01:01	Braak amyloid-β stage	0.091091222488098	0.0760462637029155	0.0416727403340427	0.231373655879557	0.23889217305177	730
Hap-R	DRB1*01:01	Braak NFT stage (NBB)	0.161779947235328	0.146978362585666	0.0383400754814548	0.271392539143529	0.245452751130917	730
Hap-R	DRB1*01:01	Braak α-synuclein stage	-0.00681940185139125	0.058638242446875	-0.00428003814896093	0.907450265648793	0.325325687698451	730
Hap-R	DRB1*01:01	Braak amyloid-β stage corrected for: Braak NFT stage (NBB)	0.0238700693548133	0.0453837993635447	0.0109201652454351	0.599078086370592	0.317225352357486	730
Hap-R	DRB1*01:01	Braak NFT stage (NBB) corrected for: Braak amyloid-β stage	0.0203931533136298	0.0877290822772684	0.00483295396438791	0.816249993303465	0.323422405464637	730
Hap-R	DQA1*01:01	HLA class II load	-0.54561974811661	0.273843261626019	-0.16025798318937	0.0494929835245845	0.120628101339455	95
Hap-R	DQA1*01:01	CD11c load	0.538764690649819	0.28940014224961	0.203526826072617	0.0660275223148071	0.126442917393246	96
Hap-R	DQA1*01:01	CD68 load	0.028778947835623	0.0919932414673016	0.0353816287883178	0.755152702657145	0.354181199329323	96
Hap-R	DQA1*01:01	Iba1 load	0.177327021304595	0.364814918333151	0.0541743942919483	0.628136831176674	0.35122007567079	96
Hap-R	DQA1*01:01	P2RY12 load	0.0129015290321699	0.22529641664642	0.00645782069315001	0.954473661071327	0.354181199329323	91
Hap-R	DQA1*01:01	CERAD score	0.374544945937945	0.292834658880063	0.13431425817005	0.204286762908674	0.341914876091402	96
Hap-R	DQA1*01:01	Braak NFT stage (100+)	0.315313826419964	0.265078703113953	0.117585946701418	0.237475177925181	0.341914876091402	96
Hap-R	DQA1*01:01	Thal Aβ phase	0.763208953650259	0.475313695314384	0.184512282090009	0.112185371622139	0.341914876091402	91
Hap-R	DQA1*01:01	Aβ load	-0.052766798528253	1.04905885422577	-0.00599288050214174	0.960009352623509	0.353884920191138	89
Hap-R	DQA1*01:01	Aβ40 load	0.430453502411314	0.38560613246638	0.120288475259645	0.267365881342504	0.341914876091402	96
Hap-R	DQA1*01:01	Aβ42 load	0.709354273135322	1.01696028123336	0.0717288797315477	0.487334807341692	0.341914876091402	96
Hap-R	DQA1*01:01	pTau217 load	0.0693204698738172	0.130230028961996	0.0561930861121668	0.595912098428341	0.341914876091402	94
Hap-R	DQA1*01:01	AT8 load	2.67143699691782	3.76835779385127	0.0746133634385362	0.480295963865328	0.341914876091402	95
Hap-R	DQA1*01:01	GT-38 load	0.00497192754835774	0.0728780936905645	0.00525073195447376	0.945774579665477	0.353884920191138	91
Hap-R	DQA1*01:01	Braak amyloid-β stage	0.102246442112268	0.0741522932324895	0.0470050630259803	0.168347284861812	0.188932338994186	757
Hap-R	DQA1*01:01	Braak NFT stage (NBB)	0.207991644344052	0.143396303296665	0.049525318406444	0.147348012651463	0.172881938148507	757
Hap-R	DQA1*01:01	Braak α-synuclein stage	0.0336872134663036	0.0565516306103394	0.0214531504717704	0.551563096588485	0.317225352357486	757
Hap-R	DQA1*01:01	Braak amyloid-β stage corrected for: Braak NFT stage (NBB)	0.0158858609163021	0.0442910695667071	0.00730309904351325	0.719943740152792	0.317225352357486	757
Hap-R	DQA1*01:01	Braak NFT stage (NBB) corrected for: Braak amyloid-β stage	0.0492303574049806	0.0856388464588126	0.0117223416999945	0.5655592248512	0.317225352357486	757
Hap-R	DQB1*05:01	HLA class II load	-0.567817805204128	0.261936329861568	-0.172450903012168	0.0329722009227458	0.0982206877768848	94
Hap-R	DQB1*05:01	CD11c load	0.481174576211968	0.278920286035456	0.186819994969806	0.0880954966927806	0.147615264331617	95
Hap-R	DQB1*05:01	CD68 load	0.00529841784020476	0.0884196960481452	0.00670090789298825	0.952355593130681	0.354181199329323	95
Hap-R	DQB1*05:01	Iba1 load	0.154187467242511	0.350826467412364	0.0484135874478077	0.661403270597128	0.354181199329323	95
Hap-R	DQB1*05:01	P2RY12 load	0.0123160366134921	0.216390118745363	0.00635234756809731	0.95475236238543	0.354181199329323	90
Hap-R	DQB1*05:01	CERAD score	0.269666599741801	0.280395713461297	0.0999450913924662	0.338878658579642	0.341914876091402	95
Hap-R	DQB1*05:01	Braak NFT stage (100+)	0.343550029869792	0.253835351325495	0.131874774847917	0.17946295306998	0.341914876091402	95
Hap-R	DQB1*05:01	Thal Aβ phase	0.589974262098846	0.459381258150339	0.146596372168219	0.202705072080899	0.341914876091402	90
Hap-R	DQB1*05:01	Aβ load	-0.173223744995114	1.00097401570509	-0.020382550824804	0.863050675201917	0.353884920191138	88
Hap-R	DQB1*05:01	Aβ40 load	0.357451548945827	0.36294744259756	0.104204936895198	0.327456724877434	0.341914876091402	95
Hap-R	DQB1*05:01	Aβ42 load	0.399013044896506	0.976908132645906	0.041494055070671	0.683962376270541	0.341914876091402	95
Hap-R	DQB1*05:01	pTau217 load	0.063633623783654	0.124426503527828	0.053280873186865	0.610401984695381	0.341914876091402	93
Hap-R	DQB1*05:01	AT8 load	2.41957334443795	3.6236715827402	0.0695172372197761	0.506125587452722	0.341914876091402	94
Hap-R	DQB1*05:01	GT-38 load	0.00323109573084067	0.0697952412670495	0.0035265014223446	0.963189927130908	0.353884920191138	90
Hap-R	DQB1*05:01	Braak amyloid-β stage	0.0706744511245387	0.0716568628119074	0.0335634778775156	0.324308868362957	0.270038167262074	760
Hap-R	DQB1*05:01	Braak NFT stage (NBB)	0.150978378504848	0.138425976232918	0.0371887684453703	0.275764197684935	0.245452751130917	760
Hap-R	DQB1*05:01	Braak α-synuclein stage	0.00948028975269785	0.0550743528312506	0.00619810671420548	0.863376891904716	0.323422405464637	760
Hap-R	DQB1*05:01	Braak amyloid-β stage corrected for: Braak NFT stage (NBB)	0.0079523757308268	0.0428130224589137	0.00377660360524009	0.852693729468971	0.323422405464637	760
Hap-R	DQB1*05:01	Braak NFT stage (NBB) corrected for: Braak amyloid-β stage	0.0414093737922239	0.0826938114501951	0.0101998950358137	0.61669038231551	0.317225352357486	760
Hap-Y	rs4335021	HLA class II load	1.20961398599965	0.217003498533333	0.573333766613472	2.81052333360532e-07	2.51167523350797e-06	95
Hap-Y	rs4335021	CD11c load	-0.216594447759648	0.267518696467195	-0.128149004097572	0.420354709259048	0.313048018468749	96
Hap-Y	rs4335021	CD68 load	-0.0406107603181085	0.0836402471328566	-0.0781968774847259	0.628513259325213	0.35122007567079	96
Hap-Y	rs4335021	Iba1 load	-0.304977500680123	0.330790530578521	-0.145925882209525	0.359096214271507	0.295729756439151	96
Hap-Y	rs4335021	P2RY12 load	0.264965725720442	0.204904789892425	0.210652098967813	0.199602123276125	0.232667039309848	91
Hap-Y	rs4335021	CERAD score	-0.180076523393184	0.268255586707272	-0.101139465770591	0.503816106372457	0.341914876091402	96
Hap-Y	rs4335021	Braak NFT stage (100+)	-0.502727567515389	0.237104885087707	-0.293623281000496	0.0368299963301843	0.341914876091402	96
Hap-Y	rs4335021	Thal Aβ phase	-0.216626971048483	0.445703205830644	-0.0811459981115687	0.628239301317751	0.341914876091402	91
Hap-Y	rs4335021	Aβ load	0.81102293968555	0.96552587354365	0.142413192466792	0.403422650277569	0.341914876091402	89
Hap-Y	rs4335021	Aβ40 load	-0.0277399536170215	0.353361835501288	-0.0121408441973875	0.937608244960657	0.353884920191138	96
Hap-Y	rs4335021	Aβ42 load	0.484051883724509	0.926483347318648	0.0766598834313685	0.602676931668932	0.341914876091402	96
Hap-Y	rs4335021	pTau217 load	-0.0338964096614322	0.116755781116289	-0.0442913529790419	0.772279393266167	0.341914876091402	94
Hap-Y	rs4335021	AT8 load	-1.20715844331757	3.44017321470551	-0.0527520281273587	0.726521139603387	0.341914876091402	95
Hap-Y	rs4335021	GT-38 load	-0.0396868950377703	0.0668395648080011	-0.0684155281702234	0.554304746910482	0.341914876091402	91
Hap-Y	rs4335021	Braak amyloid-β stage	-0.0262390137453477	0.069702966265278	-0.0128227552117432	0.706695828674323	0.317225352357486	761
Hap-Y	rs4335021	Braak NFT stage (NBB)	0.0198060580279813	0.134763545661256	0.00501785240730161	0.883195965451571	0.325325687698451	761
Hap-Y	rs4335021	Braak α-synuclein stage	0.0328917220484361	0.0535314889682175	0.0221295243446968	0.539112756038656	0.317225352357486	761
Hap-Y	rs4335021	Braak amyloid-β stage corrected for: Braak NFT stage (NBB)	-0.034465474628942	0.0415662066981764	-0.0168429480129309	0.407271715953519	0.309195634974595	761
Hap-Y	rs4335021	Braak NFT stage (NBB) corrected for: Braak amyloid-β stage	0.0605445392671102	0.0803704289316782	0.0153389211362116	0.451494887623871	0.317225352357486	761
Hap-Y	DR2	HLA class II load	1.19984669652275	0.220796809356769	0.569852995722513	5.52334974347055e-07	3.70203137725285e-06	91
Hap-Y	DR2	CD11c load	-0.237890861806388	0.2667315541582	-0.141854640227987	0.375038972316966	0.295729756439151	92
Hap-Y	DR2	CD68 load	-0.0398658254536167	0.0854150833590599	-0.0766348796035198	0.641915510306788	0.35122007567079	92
Hap-Y	DR2	Iba1 load	-0.266038147892766	0.317724133236907	-0.135919069230226	0.404814846062028	0.310088692385793	92
Hap-Y	DR2	P2RY12 load	0.284029025903066	0.199555531958223	0.234928659844885	0.158634514886137	0.212649924013234	87
Hap-Y	DR2	CERAD score	-0.187567308004373	0.272609696375199	-0.105653164573749	0.493343907070314	0.341914876091402	92
Hap-Y	DR2	Braak NFT stage (100+)	-0.504751678833471	0.241430355578182	-0.294163260720536	0.0396165000256758	0.341914876091402	92
Hap-Y	DR2	Thal Aβ phase	-0.249070698047355	0.444616146037332	-0.0957216922143312	0.57695346886731	0.341914876091402	87
Hap-Y	DR2	Aβ load	0.780353815583571	0.983567379315003	0.136770953181417	0.430019947861993	0.341914876091402	85
Hap-Y	DR2	Aβ40 load	-0.0342788784519777	0.360775889544796	-0.0150188281658742	0.924532462686241	0.353884920191138	92
Hap-Y	DR2	Aβ42 load	0.414379310785664	0.936693012035399	0.0660463345314242	0.659361013581003	0.341914876091402	92
Hap-Y	DR2	pTau217 load	-0.0345647645234771	0.118671656623832	-0.0453649271272764	0.771594084394064	0.341914876091402	90
Hap-Y	DR2	AT8 load	-1.1453529264475	3.52323141995006	-0.04991920956321	0.745944019546982	0.341914876091402	91
Hap-Y	DR2	GT-38 load	-0.0406275809489433	0.0685578694267796	-0.0697773557625766	0.555161213291371	0.341914876091402	87
Hap-Y	DR2	Braak amyloid-β stage	-0.0218172346526038	0.0707889286494796	-0.0107359224116265	0.75801836129156	0.317225352357486	730
Hap-Y	DR2	Braak NFT stage (NBB)	0.0423832127669548	0.136795984064578	0.0108040424191752	0.756781482047854	0.317225352357486	730
Hap-Y	DR2	Braak α-synuclein stage	0.0269010839293727	0.054524968870874	0.018160812243166	0.621900328345753	0.317225352357486	730
Hap-Y	DR2	Braak amyloid-β stage corrected for: Braak NFT stage (NBB)	-0.0394436380589011	0.04215681728806	-0.0194096018388885	0.34977230029085	0.27358954309065	730
Hap-Y	DR2	Braak NFT stage (NBB) corrected for: Braak amyloid-β stage	0.0762665010153516	0.081465836400843	0.0194413414731592	0.349496020478207	0.27358954309065	730
Hap-Y	DRB1*15:01	HLA class II load	1.62203900081495	0.241192317301865	0.751888629227928	2.17782490331573e-09	2.91937918136308e-08	91
Hap-Y	DRB1*15:01	CD11c load	-0.205555993479226	0.311398247593339	-0.119583271554148	0.511013254225819	0.326197341278694	92
Hap-Y	DRB1*15:01	CD68 load	-0.0232713207852358	0.0996021255973816	-0.0436436687361278	0.815837585846667	0.354181199329323	92
Hap-Y	DRB1*15:01	Iba1 load	-0.332529352448091	0.369896563480506	-0.165745200827153	0.371264351806896	0.295729756439151	92
Hap-Y	DRB1*15:01	P2RY12 load	0.348074757422366	0.233822509553623	0.280385670460053	0.140617460124945	0.209442246201146	87
Hap-Y	DRB1*15:01	CERAD score	-0.225094728663774	0.317521485411289	-0.12369871510883	0.480365706788306	0.341914876091402	92
Hap-Y	DRB1*15:01	Braak NFT stage (100+)	-0.609498814440282	0.280702838640128	-0.346543712352345	0.0327610133793743	0.341914876091402	92
Hap-Y	DRB1*15:01	Thal Aβ phase	-0.0924475472420954	0.527855148227471	-0.034671339069978	0.861424963260782	0.353884920191138	87
Hap-Y	DRB1*15:01	Aβ load	0.421416619128479	1.16472544029248	0.072146558710842	0.71849337112569	0.341914876091402	85
Hap-Y	DRB1*15:01	Aβ40 load	-0.187443483779015	0.419805196486545	-0.0801224629894903	0.656398107741128	0.341914876091402	92
Hap-Y	DRB1*15:01	Aβ42 load	0.503051724322836	1.09109082829169	0.0782235997324612	0.645965804776989	0.341914876091402	92
Hap-Y	DRB1*15:01	pTau217 load	-0.00595733801135927	0.138165867879963	-0.00763449137871841	0.965714148190547	0.353884920191138	90
Hap-Y	DRB1*15:01	AT8 load	-0.223878232550654	4.10975408046519	-0.00952347374754064	0.956689351056917	0.353884920191138	91
Hap-Y	DRB1*15:01	GT-38 load	-0.0299157479342983	0.0783972353343304	-0.050332129293508	0.70380166311454	0.341914876091402	87
Hap-Y	DRB1*15:01	Braak amyloid-β stage	-0.0333359786401378	0.0749997636368821	-0.0154892921701667	0.656828349172459	0.317225352357486	730
Hap-Y	DRB1*15:01	Braak NFT stage (NBB)	-0.00873004806731732	0.144952826385688	-0.00210129846040975	0.951991696349101	0.332069861784093	730
Hap-Y	DRB1*15:01	Braak α-synuclein stage	0.0239481587135172	0.0577753386194792	0.0152656857435173	0.678627871578755	0.317225352357486	730
Hap-Y	DRB1*15:01	Braak amyloid-β stage corrected for: Braak NFT stage (NBB)	-0.029706543949785	0.0446782544917857	-0.0138029047705862	0.506328050557782	0.317225352357486	730
Hap-Y	DRB1*15:01	Braak NFT stage (NBB) corrected for: Braak amyloid-β stage	0.0430388769130322	0.086361757634089	0.010359338814375	0.61838574017038	0.317225352357486	730
Hap-Y	DQA1*01:02	HLA class II load	0.837856586455321	0.197024500512443	0.435606058397513	5.35046903332186e-05	0.000286892630947992	95
Hap-Y	DQA1*01:02	CD11c load	-0.155127453120653	0.229667065502241	-0.100732166510713	0.501184492780257	0.326197341278694	96
Hap-Y	DQA1*01:02	CD68 load	-0.0161291231471896	0.0718004765553644	-0.034085576620202	0.822787574378929	0.354181199329323	96
Hap-Y	DQA1*01:02	Iba1 load	0.0144177799659468	0.285041635564715	0.00757137081076115	0.959775104407519	0.354181199329323	96
Hap-Y	DQA1*01:02	P2RY12 load	0.389130619101156	0.172476932596885	0.328829026827914	0.026724472152906	0.0895605375773409	91
Hap-Y	DQA1*01:02	CERAD score	-0.299228221116944	0.228390640892246	-0.184449594651418	0.193590473729086	0.341914876091402	96
Hap-Y	DQA1*01:02	Braak NFT stage (100+)	-0.313490561053627	0.205785501307772	-0.200952702940642	0.131289215179765	0.341914876091402	96
Hap-Y	DQA1*01:02	Thal Aβ phase	-0.233013085853099	0.37884689977352	-0.095836302930183	0.540219101540585	0.341914876091402	91
Hap-Y	DQA1*01:02	Aβ load	0.493521319072939	0.826675382934839	0.0948376161885545	0.552196395576431	0.341914876091402	89
Hap-Y	DQA1*01:02	Aβ40 load	-0.182433667221787	0.302397925508849	-0.0876313979999696	0.547885352196089	0.341914876091402	96
Hap-Y	DQA1*01:02	Aβ42 load	-0.364603554025139	0.794773770193312	-0.0633736519298318	0.64755674244321	0.341914876091402	96
Hap-Y	DQA1*01:02	pTau217 load	-0.0572554002339578	0.100793355541137	-0.0820142957513296	0.5715003492954	0.341914876091402	94
Hap-Y	DQA1*01:02	AT8 load	-2.67964905768424	2.93740719395528	-0.128444735149685	0.364187437253868	0.341914876091402	95
Hap-Y	DQA1*01:02	GT-38 load	-0.077245058426179	0.0556966694005765	-0.147279002506337	0.169234445086864	0.341914876091402	91
Hap-Y	DQA1*01:02	Braak amyloid-β stage	-0.00812768433519956	0.063469441451651	-0.00436412544457286	0.898138604269553	0.325325687698451	757
Hap-Y	DQA1*01:02	Braak NFT stage (NBB)	0.032319728176961	0.12274996840474	0.00898841364823082	0.792394093146019	0.323422405464637	757
Hap-Y	DQA1*01:02	Braak α-synuclein stage	0.120659304314398	0.0481530239587524	0.0897471715451109	0.012430921574499	0.0440188767789063	757
Hap-Y	DQA1*01:02	Braak amyloid-β stage corrected for: Braak NFT stage (NBB)	-0.021556149350334	0.0378060501355737	-0.0115744824709037	0.568729166634126	0.317225352357486	757
Hap-Y	DQA1*01:02	Braak NFT stage (NBB) corrected for: Braak amyloid-β stage	0.0449507628048102	0.0731143517763661	0.0125012205449537	0.53887374701516	0.317225352357486	757
Hap-Y	DQB1*06:02	HLA class II load	1.63377673950551	0.237692337403712	0.756008776754796	9.83094247529545e-10	2.63568010007228e-08	94
Hap-Y	DQB1*06:02	CD11c load	-0.172518068086017	0.313564146730091	-0.0992744179895188	0.583619165217818	0.347707912746104	95
Hap-Y	DQB1*06:02	CD68 load	-0.0243680274924211	0.097864108513094	-0.0456761930642373	0.80395555637022	0.354181199329323	95
Hap-Y	DQB1*06:02	Iba1 load	-0.39904639088775	0.386479154973601	-0.185705025939155	0.304724799013609	0.295729756439151	95
Hap-Y	DQB1*06:02	P2RY12 load	0.312281350555897	0.241311243264136	0.241096908508054	0.19930780596006	0.232667039309848	90
Hap-Y	DQB1*06:02	CERAD score	-0.209788419365691	0.311295211181958	-0.115238580781308	0.502168826145343	0.341914876091402	95
Hap-Y	DQB1*06:02	Braak NFT stage (100+)	-0.601282699140146	0.276521282490564	-0.342083816192147	0.0324174697673736	0.341914876091402	95
Hap-Y	DQB1*06:02	Thal Aβ phase	-0.0346434649135342	0.530899774233602	-0.012627942994969	0.948132353941144	0.353884920191138	90
Hap-Y	DQB1*06:02	Aβ load	0.533246360587788	1.13735374401791	0.0919386802739411	0.640469328932282	0.341914876091402	88
Hap-Y	DQB1*06:02	Aβ40 load	-0.158313654971603	0.40375052572891	-0.0684024357845892	0.695948738360514	0.341914876091402	95
Hap-Y	DQB1*06:02	Aβ42 load	0.621776428870505	1.0805926750433	0.0958330077591888	0.566521187216119	0.341914876091402	95
Hap-Y	DQB1*06:02	pTau217 load	-0.00471544023583625	0.135932768495056	-0.00601157638101601	0.972409631557806	0.353884920191138	93
Hap-Y	DQB1*06:02	AT8 load	-0.38823742996054	4.02841600113515	-0.0165226085850453	0.923449842215903	0.353884920191138	94
Hap-Y	DQB1*06:02	GT-38 load	-0.0291031058736301	0.0768222437165254	-0.049019588802579	0.705800137939715	0.341914876091402	90
Hap-Y	DQB1*06:02	Braak amyloid-β stage	-0.0418954714434212	0.07409986069537	-0.0192699536694538	0.571976229049655	0.317225352357486	760
Hap-Y	DQB1*06:02	Braak NFT stage (NBB)	-0.0355878028273912	0.14319060696883	-0.00848999221134803	0.803788933998565	0.323422405464637	760
Hap-Y	DQB1*06:02	Braak α-synuclein stage	0.0316605199767262	0.0569166176482114	0.0200477001425202	0.578198057755015	0.317225352357486	760
Hap-Y	DQB1*06:02	Braak amyloid-β stage corrected for: Braak NFT stage (NBB)	-0.0271102288741645	0.0442100809270949	-0.0124694349144381	0.539921182718491	0.317225352357486	760
Hap-Y	DQB1*06:02	Braak NFT stage (NBB) corrected for: Braak amyloid-β stage	0.0294084975574744	0.0854462679530857	0.00701582832807631	0.730811037230717	0.317225352357486	760
