Haplotype	Feature	N.CHC	N.CNTR	N.AD	Count.CHC	Count.CNTR	Count.AD	Freq.CHC	Freq.CNTR	Freq.AD	Beta.CHC_CNTR	SE.CHC_CNTR	P.CHC_CNTR	ORCI.CHC_CNTR	Beta.CHC_AD	SE.CHC_AD	P.CHC_AD	ORCI.CHC_AD	Beta.CNTR_AD	SE.CNTR_AD	P.CNTR_AD	ORCI.CNTR_AD
Hap-B	rs35472547	443	3219	2391	140	1015	629	0.158	0.1577	0.1315	-0.0253	0.1086	8.16e-01	0.98 [0.79-1.21]	-0.2428	0.1116	2.96e-02	0.78 [0.63-0.98]	-0.2078	0.0596	4.91e-04	0.81 [0.72-0.91]
Hap-B	DRB1*04	419	3048	2278	126	884	562	0.1504	0.145	0.1234	-0.0814	0.1151	4.80e-01	0.92 [0.74-1.16]	-0.2639	0.1175	2.47e-02	0.77 [0.61-0.97]	-0.1793	0.0632	4.59e-03	0.84 [0.74-0.95]
Hap-B	DRB1*04:01	419	3048	2278	81	582	372	0.0967	0.0955	0.0817	-0.0538	0.136	6.92e-01	0.95 [0.73-1.24]	-0.2229	0.1375	1.05e-01	0.80 [0.61-1.05]	-0.1699	0.0743	2.23e-02	0.84 [0.73-0.98]
Hap-B	DQA1*03	442	3197	2376	151	1081	703	0.1708	0.1691	0.1479	-0.0347	0.1056	7.42e-01	0.97 [0.79-1.19]	-0.1878	0.1079	8.17e-02	0.83 [0.67-1.02]	-0.1462	0.0575	1.10e-02	0.86 [0.77-0.97]
Hap-B	DQA1*03:01	442	3197	2376	89	653	393	0.1007	0.1021	0.0827	-0.0055	0.1284	9.66e-01	0.99 [0.77-1.28]	-0.2035	0.1328	1.26e-01	0.82 [0.63-1.06]	-0.2001	0.0713	5.01e-03	0.82 [0.71-0.94]
Hap-B	DQB1*03:02	439	3198	2377	100	705	428	0.1139	0.1102	0.09	-0.0647	0.1233	6.00e-01	0.94 [0.74-1.19]	-0.2573	0.127	4.28e-02	0.77 [0.60-0.99]	-0.1948	0.0688	4.65e-03	0.82 [0.72-0.94]
Hap-R	rs9469112	443	3219	2391	125	1083	897	0.1411	0.1682	0.1876	0.2088	0.1072	5.15e-02	1.23 [1.00-1.52]	0.3201	0.1083	3.11e-03	1.38 [1.11-1.70]	0.1124	0.0527	3.29e-02	1.12 [1.01-1.24]
Hap-R	DR1	419	3048	2278	84	802	692	0.1002	0.1316	0.1519	0.298	0.1288	2.07e-02	1.35 [1.05-1.73]	0.4329	0.1305	9.08e-04	1.54 [1.19-1.99]	0.1354	0.0605	2.54e-02	1.14 [1.02-1.29]
Hap-R	DRB1*01	419	3048	2278	78	733	643	0.0931	0.1202	0.1411	0.2746	0.1338	4.00e-02	1.32 [1.01-1.71]	0.4238	0.1357	1.79e-03	1.53 [1.17-1.99]	0.1511	0.0631	1.67e-02	1.16 [1.03-1.32]
Hap-R	DRB1*01:01	419	3048	2278	74	674	591	0.0883	0.1106	0.1297	0.2293	0.1374	9.51e-02	1.26 [0.96-1.65]	0.3646	0.1388	8.60e-03	1.44 [1.10-1.89]	0.1456	0.0653	2.59e-02	1.16 [1.02-1.31]
Hap-R	DQA1*01:01	442	3197	2376	81	743	647	0.0916	0.1162	0.1362	0.2588	0.131	4.82e-02	1.30 [1.00-1.67]	0.4149	0.1333	1.86e-03	1.51 [1.17-1.97]	0.1536	0.0625	1.40e-02	1.17 [1.03-1.32]
Hap-R	DQB1*05	439	3198	2377	124	1085	932	0.1412	0.1696	0.196	0.2058	0.1084	5.76e-02	1.23 [0.99-1.52]	0.3804	0.1112	6.26e-04	1.46 [1.18-1.82]	0.1665	0.0531	1.72e-03	1.18 [1.06-1.31]
Hap-R	DQB1*05:01	439	3198	2377	86	817	700	0.0979	0.1277	0.1472	0.2892	0.1267	2.25e-02	1.34 [1.04-1.71]	0.4343	0.1287	7.44e-04	1.54 [1.20-1.99]	0.1418	0.0598	1.77e-02	1.15 [1.02-1.30]
Hap-Y	DRB1*15	419	3048	2278	120	938	628	0.1432	0.1539	0.1378	0.0267	0.1531	8.61e-01	1.03 [0.76-1.39]	-0.167	0.1519	2.72e-01	0.85 [0.63-1.14]	-0.1937	0.0807	1.64e-02	0.82 [0.70-0.97]
Hap-Y	DRB1*15:01	419	3048	2278	118	925	609	0.1408	0.1517	0.1337	0.0327	0.1556	8.33e-01	1.03 [0.76-1.40]	-0.2085	0.1568	1.84e-01	0.81 [0.60-1.10]	-0.2391	0.0828	3.90e-03	0.79 [0.67-0.93]
Hap-Y	DQB1*06:02	439	3198	2377	117	925	609	0.1333	0.1446	0.1281	0.0155	0.1538	9.20e-01	1.02 [0.75-1.37]	-0.2228	0.1561	1.54e-01	0.80 [0.59-1.09]	-0.2315	0.082	4.78e-03	0.79 [0.68-0.93]
